Gender,Age,Game,other,Hours
male,21-25,WoW,,0
male,31-35,WoW,,0
male,16-20,WoW,,2
female,16-20,WoW,,2
male,16-20,WoW,,2
female,21-25,WoW,,2
male,26-30,WoW,,2
male,21-25,WoW,,3
male,21-25,WoW,,3
male,26-30,WoW,,3
male,26-30,WoW,,3
female,31-35,WoW,,3
male,16-20,WoW,,4
male,16-20,WoW,,4
male,21-25,WoW,,4
male,21-25,WoW,,4
male,21-25,WoW,,4
male,21-25,WoW,,4
male,21-25,WoW,,4
male,26-30,WoW,,4
male,26-30,WoW,,4
male,26-30,WoW,,4
male,26-30,WoW,,4
female,31-35,WoW,,4
female,36-40,WoW,,4
male,36-40,WoW,,4
male,36-40,WoW,,4
male,41-45,WoW,,4
male,<=15,WoW,,5
male,<=15,WoW,,5
male,16-20,WoW,,5
male,16-20,WoW,,5
male,16-20,WoW,,5
male,16-20,WoW,,5
male,16-20,WoW,,5
male,16-20,WoW,,5
male,16-20,WoW,,5
male,16-20,WoW,,5
male,16-20,WoW,,5
male,21-25,WoW,,5
male,21-25,WoW,,5
female,21-25,WoW,,5
male,26-30,WoW,,5
male,26-30,WoW,,5
female,26-30,WoW,,5
male,31-35,WoW,,5
male,31-35,WoW,,5
male,31-35,WoW,,5
male,31-35,WoW,,5
male,31-35,WoW,,5
male,36-40,WoW,,5
male,36-40,WoW,,5
male,41-45,WoW,,5
male,16-20,WoW,,6
male,16-20,WoW,,6
male,16-20,WoW,,6
male,16-20,WoW,,6
male,16-20,WoW,,6
male,16-20,WoW,,6
male,16-20,WoW,,6
male,16-20,WoW,,6
male,21-25,WoW,,6
male,21-25,WoW,,6
female,21-25,WoW,,6
male,21-25,WoW,,6
male,26-30,WoW,,6
male,26-30,WoW,,6
male,26-30,WoW,,6
male,26-30,WoW,,6
male,26-30,WoW,,6
male,26-30,WoW,,6
male,31-35,WoW,,6
male,36-40,WoW,,6
male,36-40,WoW,,6
male,16-20,WoW,,7
male,16-20,WoW,,7
male,16-20,WoW,,7
female,21-25,WoW,,7
male,21-25,WoW,,7
male,21-25,WoW,,7
male,26-30,WoW,,7
female,26-30,WoW,,7
male,26-30,WoW,,7
male,36-40,WoW,,7
male,<=15,WoW,,8
male,<=15,WoW,,8
male,16,WoW,,8
male,16-20,WoW,,8
male,16-20,WoW,,8
male,16-20,WoW,,8
male,16-20,WoW,,8
female,21-25,WoW,,8
male,21-25,WoW,,8
male,21-25,WoW,,8
male,21-25,WoW,,8
male,21-25,WoW,,8
male,21-25,WoW,,8
male,21-25,WoW,,8
male,21-25,WoW,,8
male,21-25,WoW,,8
male,21-25,WoW,,8
male,26-30,WoW,,8
male,26-30,WoW,,8
female,26-30,WoW,,8
male,26-30,WoW,,8
male,26-30,WoW,,8
male,26-30,WoW,,8
male,26-30,WoW,,8
male,31-35,WoW,,8
male,31-35,WoW,,8
male,31-35,WoW,,8
male,31-35,WoW,,8
male,31-35,WoW,,8
male,31-35,WoW,,8
male,31-35,WoW,,8
male,31-35,WoW,,8
male,31-35,WoW,,8
female,36-40,WoW,,8
male,36-40,WoW,,8
male,36-40,WoW,,8
female,41-45,WoW,,8
male,41-45,WoW,,8
male,41-45,WoW,,8
male,50,WoW,,8
male,51-55,WoW,,8
male,16,WoW,,9
male,16-20,WoW,,9
female,26-30,WoW,,9
male,31-35,WoW,,9
male,<=15,WoW,,10
male,16,WoW,,10
male,16,WoW,,10
male,16,WoW,,10
male,16,WoW,,10
male,16-20,WoW,,10
male,16-20,WoW,,10
male,16-20,WoW,,10
male,16-20,WoW,,10
male,16-20,WoW,,10
male,16-20,WoW,,10
male,16-20,WoW,,10
male,16-20,WoW,,10
male,16-20,WoW,,10
male,16-20,WoW,,10
male,16-20,WoW,,10
male,16-20,WoW,,10
male,16-20,WoW,,10
male,16-20,WoW,,10
male,16-20,WoW,,10
male,16-20,WoW,,10
male,16-20,WoW,,10
male,16-20,WoW,,10
male,16-20,WoW,,10
male,16-20,WoW,,10
male,16-20,WoW,,10
male,16-20,WoW,,10
male,16-20,WoW,,10
male,16-20,WoW,,10
male,16-20,WoW,,10
male,16-20,WoW,,10
male,16-20,WoW,,10
male,16-20,WoW,,10
male,16-20,WoW,,10
male,16-20,WoW,,10
female,21-25,WoW,,10
male,21-25,WoW,,10
male,21-25,WoW,,10
male,21-25,WoW,,10
male,21-25,WoW,,10
male,21-25,WoW,,10
male,21-25,WoW,,10
male,21-25,WoW,,10
male,21-25,WoW,,10
female,21-25,WoW,,10
male,21-25,WoW,,10
male,21-25,WoW,,10
male,21-25,WoW,,10
male,21-25,WoW,,10
male,21-25,WoW,,10
male,21-25,WoW,,10
male,21-25,WoW,,10
male,21-25,WoW,,10
male,21-25,WoW,,10
male,21-25,WoW,,10
male,21-25,WoW,,10
male,21-25,WoW,,10
male,21-25,WoW,,10
female,26-30,WoW,,10
female,26-30,WoW,,10
male,26-30,WoW,,10
male,26-30,WoW,,10
male,26-30,WoW,,10
male,26-30,WoW,,10
male,26-30,WoW,,10
male,26-30,WoW,,10
male,26-30,WoW,,10
male,26-30,WoW,,10
male,26-30,WoW,,10
male,26-30,WoW,,10
male,26-30,WoW,,10
male,26-30,WoW,,10
male,26-30,WoW,,10
male,26-30,WoW,,10
male,26-30,WoW,,10
male,26-30,WoW,,10
male,26-30,WoW,,10
male,26-30,WoW,,10
male,26-30,WoW,,10
male,26-30,WoW,,10
male,26-30,WoW,,10
male,26-30,WoW,,10
male,26-30,WoW,,10
male,26-30,WoW,,10
male,31-35,WoW,,10
male,31-35,WoW,,10
male,31-35,WoW,,10
male,31-35,WoW,,10
male,31-35,WoW,,10
male,31-35,WoW,,10
male,31-35,WoW,,10
female,31-35,WoW,,10
male,31-35,WoW,,10
male,31-35,WoW,,10
male,31-35,WoW,,10
male,31-35,WoW,,10
male,31-35,WoW,,10
male,31-35,WoW,,10
male,31-35,WoW,,10
female,31-35,WoW,,10
male,31-35,WoW,,10
male,31-35,WoW,,10
male,31-35,WoW,,10
male,31-35,WoW,,10
male,31-35,WoW,,10
male,31-35,WoW,,10
male,31-35,WoW,,10
male,31-35,WoW,,10
male,31-35,WoW,,10
male,31-35,WoW,,10
female,31-35,WoW,,10
male,31-35,WoW,,10
male,31-35,WoW,,10
male,31-35,WoW,,10
male,36-40,WoW,,10
male,36-40,WoW,,10
male,36-40,WoW,,10
female,36-40,WoW,,10
male,36-40,WoW,,10
male,36-40,WoW,,10
male,36-40,WoW,,10
male,36-40,WoW,,10
male,36-40,WoW,,10
male,36-40,WoW,,10
male,36-40,WoW,,10
male,36-40,WoW,,10
male,36-40,WoW,,10
male,36-40,WoW,,10
male,40,WoW,,10
male,41-45,WoW,,10
male,41-45,WoW,,10
male,41-45,WoW,,10
female,41-45,WoW,,10
male,45,WoW,,10
male,50,WoW,,10
male,50,WoW,,10
male,51-55,WoW,,10
female,51-55,WoW,,10
male,16-20,WoW,,11
male,21-25,WoW,,11
male,<=15,WoW,,12
male,16-20,WoW,,12
male,16-20,WoW,,12
male,16-20,WoW,,12
male,16-20,WoW,,12
male,16-20,WoW,,12
male,21-25,WoW,,12
male,21-25,WoW,,12
male,21-25,WoW,,12
male,21-25,WoW,,12
male,21-25,WoW,,12
male,21-25,WoW,,12
male,21-25,WoW,,12
male,21-25,WoW,,12
male,21-25,WoW,,12
male,21-25,WoW,,12
male,21-25,WoW,,12
male,21-25,WoW,,12
male,21-25,WoW,,12
male,21-25,WoW,,12
male,26-30,WoW,,12
male,26-30,WoW,,12
male,26-30,WoW,,12
male,26-30,WoW,,12
male,26-30,WoW,,12
male,26-30,WoW,,12
male,26-30,WoW,,12
male,26-30,WoW,,12
male,26-30,WoW,,12
male,26-30,WoW,,12
male,31-35,WoW,,12
male,31-35,WoW,,12
male,31-35,WoW,,12
male,31-35,WoW,,12
male,31-35,WoW,,12
female,31-35,WoW,,12
male,31-35,WoW,,12
male,31-35,WoW,,12
male,31-35,WoW,,12
male,31-35,WoW,,12
male,31-35,WoW,,12
male,31-35,WoW,,12
male,31-35,WoW,,12
male,31-35,WoW,,12
male,31-35,WoW,,12
male,36-40,WoW,,12
male,36-40,WoW,,12
male,36-40,WoW,,12
male,36-40,WoW,,12
male,36-40,WoW,,12
male,36-40,WoW,,12
male,36-40,WoW,,12
female,45,WoW,,12
male,46-50,WoW,,12
male,46-50,WoW,,12
male,51-55,WoW,,12
male,60,WoW,,12
female,60+,WoW,,12
male,16-20,WoW,,14
male,16-20,WoW,,14
male,16-20,WoW,,14
male,16-20,WoW,,14
male,16-20,WoW,,14
male,16-20,WoW,,14
male,16-20,WoW,,14
male,16-20,WoW,,14
male,16-20,WoW,,14
male,21-25,WoW,,14
male,21-25,WoW,,14
male,21-25,WoW,,14
male,21-25,WoW,,14
male,21-25,WoW,,14
male,21-25,WoW,,14
male,21-25,WoW,,14
female,21-25,WoW,,14
male,21-25,WoW,,14
male,21-25,WoW,,14
male,21-25,WoW,,14
male,26-30,WoW,,14
male,26-30,WoW,"Lineage 2, Sphere, MU",14
male,26-30,WoW,,14
male,26-30,WoW,,14
male,26-30,WoW,,14
female,26-30,WoW,,14
male,26-30,WoW,,14
male,26-30,WoW,,14
male,26-30,WoW,,14
male,31-35,WoW,,14
male,31-35,WoW,,14
male,31-35,WoW,,14
male,31-35,WoW,,14
male,31-35,WoW,,14
male,31-35,WoW,,14
male,31-35,WoW,,14
male,31-35,WoW,,14
male,36-40,WoW,,14
male,36-40,WoW,,14
female,36-40,WoW,,14
male,41-45,WoW,,14
male,46-50,WoW,,14
male,<=15,WoW,,15
male,<=15,WoW,,15
male,16,WoW,,15
male,16,WoW,,15
male,16-20,WoW,,15
male,16-20,WoW,,15
male,16-20,WoW,,15
male,16-20,WoW,,15
male,16-20,WoW,,15
male,16-20,WoW,,15
male,16-20,WoW,,15
male,16-20,WoW,,15
male,16-20,WoW,,15
male,16-20,WoW,,15
male,16-20,WoW,,15
male,16-20,WoW,,15
female,16-20,WoW,,15
female,16-20,WoW,,15
male,16-20,WoW,,15
male,16-20,WoW,,15
male,16-20,WoW,,15
male,16-20,WoW,,15
male,16-20,WoW,,15
male,16-20,WoW,,15
male,16-20,WoW,,15
male,16-20,WoW,,15
male,16-20,WoW,,15
male,16-20,WoW,,15
male,16-20,WoW,,15
male,16-20,WoW,,15
male,16-20,WoW,,15
male,16-20,WoW,,15
male,16-20,WoW,,15
male,21-25,WoW,,15
male,21-25,WoW,,15
male,21-25,WoW,,15
male,21-25,WoW,,15
male,21-25,WoW,,15
male,21-25,WoW,,15
male,21-25,WoW,,15
male,21-25,WoW,,15
male,21-25,WoW,,15
male,21-25,WoW,,15
female,21-25,WoW,,15
female,21-25,WoW,,15
male,21-25,WoW,,15
male,21-25,WoW,,15
male,21-25,WoW,,15
male,21-25,WoW,,15
male,21-25,WoW,,15
male,21-25,WoW,,15
male,21-25,WoW,,15
male,21-25,WoW,,15
male,21-25,WoW,,15
male,21-25,WoW,,15
male,21-25,WoW,,15
male,21-25,WoW,,15
male,21-25,WoW,,15
male,21-25,WoW,,15
male,21-25,WoW,,15
male,21-25,WoW,,15
male,21-25,WoW,,15
male,21-25,WoW,,15
male,21-25,WoW,,15
male,21-25,WoW,,15
male,21-25,WoW,,15
male,21-25,WoW,,15
male,21-25,WoW,,15
male,21-25,WoW,,15
male,21-25,WoW,,15
male,21-25,WoW,,15
male,21-25,WoW,,15
male,21-25,WoW,,15
female,26-30,WoW,,15
female,26-30,WoW,,15
male,26-30,WoW,,15
male,26-30,WoW,,15
male,26-30,WoW,,15
male,26-30,WoW,,15
male,26-30,WoW,,15
male,26-30,WoW,,15
male,26-30,WoW,,15
male,26-30,WoW,,15
male,26-30,WoW,,15
male,26-30,WoW,,15
male,26-30,WoW,,15
male,26-30,WoW,,15
male,26-30,WoW,,15
male,26-30,WoW,,15
male,26-30,WoW,,15
male,26-30,WoW,,15
male,26-30,WoW,,15
male,26-30,WoW,,15
female,26-30,WoW,,15
female,26-30,WoW,,15
male,26-30,WoW,,15
male,26-30,WoW,,15
male,26-30,WoW,,15
male,26-30,WoW,,15
male,26-30,WoW,,15
male,26-30,WoW,,15
male,31-35,WoW,,15
male,31-35,WoW,,15
male,31-35,WoW,,15
male,31-35,WoW,,15
male,31-35,WoW,,15
male,31-35,WoW,,15
male,31-35,WoW,,15
male,31-35,WoW,,15
male,31-35,WoW,,15
male,31-35,WoW,,15
male,31-35,WoW,,15
male,31-35,WoW,,15
male,31-35,WoW,,15
male,31-35,WoW,,15
male,31-35,WoW,,15
male,31-35,WoW,,15
male,31-35,WoW,,15
male,31-35,WoW,,15
female,31-35,WoW,,15
male,31-35,WoW,,15
male,31-35,WoW,,15
male,31-35,WoW,,15
male,31-35,WoW,,15
male,31-35,WoW,,15
male,31-35,WoW,,15
male,31-35,WoW,,15
male,31-35,WoW,,15
male,31-35,WoW,,15
male,31-35,WoW,,15
male,31-35,WoW,,15
male,31-35,WoW,,15
male,36-40,WoW,,15
male,36-40,WoW,,15
male,36-40,WoW,,15
female,36-40,WoW,,15
male,36-40,WoW,,15
male,36-40,WoW,,15
male,36-40,WoW,,15
male,36-40,WoW,,15
male,36-40,WoW,,15
male,36-40,WoW,,15
female,40,WoW,,15
male,40,WoW,,15
male,40,WoW,,15
male,41-45,WoW,,15
male,41-45,WoW,,15
male,41-45,WoW,,15
male,41-45,WoW,,15
male,41-45,WoW,,15
female,46-50,WoW,,15
male,46-50,WoW,,15
male,50,WoW,,15
male,60+,WoW,,15
male,16-20,WoW,,16
male,16-20,WoW,,16
male,21-25,WoW,,16
male,21-25,WoW,,16
male,21-25,WoW,,16
male,21-25,WoW,,16
male,21-25,WoW,,16
female,26-30,WoW,,16
male,26-30,WoW,,16
male,26-30,WoW,,16
male,26-30,WoW,,16
male,26-30,WoW,,16
male,26-30,WoW,,16
male,26-30,WoW,,16
male,26-30,WoW,,16
male,26-30,WoW,,16
male,31-35,WoW,,16
male,31-35,WoW,,16
male,31-35,WoW,,16
male,31-35,WoW,,16
male,31-35,WoW,,16
male,31-35,WoW,,16
male,36-40,WoW,,16
male,36-40,WoW,,16
male,46-50,WoW,,16
male,56-60,WoW,,16
male,<=15,WoW,,17
male,31-35,WoW,,17
female,16-20,WoW,,18
male,16-20,WoW,,18
male,16-20,WoW,,18
male,16-20,WoW,,18
male,16-20,WoW,,18
male,16-20,WoW,,18
female,16-20,WoW,,18
male,21-25,WoW,,18
male,21-25,WoW,,18
male,21-25,WoW,,18
male,21-25,WoW,,18
male,21-25,WoW,,18
male,21-25,WoW,,18
male,21-25,WoW,,18
male,21-25,WoW,,18
male,21-25,WoW,,18
male,21-25,WoW,,18
female,26-30,WoW,,18
male,26-30,WoW,,18
female,26-30,WoW,,18
male,26-30,WoW,,18
male,26-30,WoW,,18
female,26-30,WoW,,18
male,31-35,WoW,,18
male,36-40,WoW,,18
male,46-50,WoW,,18
male,<=15,WoW,,20
male,16,WoW,,20
male,16,WoW,,20
male,16,WoW,,20
male,16,WoW,,20
male,16,WoW,,20
male,16-20,WoW,,20
male,16-20,WoW,,20
male,16-20,WoW,,20
male,16-20,WoW,,20
male,16-20,WoW,,20
male,16-20,WoW,,20
male,16-20,WoW,,20
male,16-20,WoW,,20
male,16-20,WoW,,20
male,16-20,WoW,,20
male,16-20,WoW,,20
male,16-20,WoW,,20
male,16-20,WoW,,20
male,16-20,WoW,,20
male,16-20,WoW,,20
male,16-20,WoW,,20
male,16-20,WoW,,20
male,16-20,WoW,,20
male,16-20,WoW,,20
male,16-20,WoW,,20
male,16-20,WoW,,20
male,16-20,WoW,,20
male,16-20,WoW,,20
male,16-20,WoW,,20
male,16-20,WoW,,20
male,16-20,WoW,,20
male,16-20,WoW,,20
female,16-20,WoW,,20
female,16-20,WoW,,20
female,16-20,WoW,,20
male,16-20,WoW,,20
male,16-20,WoW,,20
male,16-20,WoW,,20
male,16-20,WoW,,20
male,16-20,WoW,,20
male,16-20,WoW,,20
male,16-20,WoW,,20
male,16-20,WoW,,20
male,16-20,WoW,,20
male,16-20,WoW,,20
male,16-20,WoW,,20
male,16-20,WoW,,20
male,16-20,WoW,,20
male,16-20,WoW,,20
male,16-20,WoW,,20
female,16-20,WoW,,20
male,16-20,WoW,,20
male,16-20,WoW,,20
male,16-20,WoW,,20
male,16-20,WoW,,20
male,16-20,WoW,,20
male,16-20,WoW,,20
male,16-20,WoW,,20
male,16-20,WoW,,20
male,16-20,WoW,,20
male,16-20,WoW,,20
male,16-20,WoW,,20
male,16-20,WoW,,20
male,16-20,WoW,,20
male,16-20,WoW,,20
male,21-25,WoW,,20
male,21-25,WoW,,20
male,21-25,WoW,,20
male,21-25,WoW,,20
male,21-25,WoW,,20
male,21-25,WoW,,20
male,21-25,WoW,,20
male,21-25,WoW,,20
male,21-25,WoW,,20
male,21-25,WoW,,20
male,21-25,WoW,,20
male,21-25,WoW,,20
male,21-25,WoW,,20
male,21-25,WoW,,20
male,21-25,WoW,,20
male,21-25,WoW,,20
male,21-25,WoW,,20
male,21-25,WoW,,20
male,21-25,WoW,,20
male,21-25,WoW,,20
male,21-25,WoW,,20
male,21-25,WoW,,20
male,21-25,WoW,,20
male,21-25,WoW,,20
female,21-25,WoW,,20
male,21-25,WoW,,20
male,21-25,WoW,,20
male,21-25,WoW,,20
male,21-25,WoW,,20
male,21-25,WoW,,20
male,21-25,WoW,,20
male,21-25,WoW,,20
male,21-25,WoW,,20
male,21-25,WoW,,20
male,21-25,WoW,,20
male,21-25,WoW,,20
male,21-25,WoW,,20
male,21-25,WoW,,20
male,21-25,WoW,,20
male,21-25,WoW,,20
male,21-25,WoW,,20
male,21-25,WoW,,20
male,21-25,WoW,,20
male,21-25,WoW,,20
male,21-25,WoW,,20
male,21-25,WoW,,20
male,21-25,WoW,,20
female,21-25,WoW,,20
male,21-25,WoW,,20
male,21-25,WoW,,20
male,21-25,WoW,,20
male,21-25,WoW,,20
male,21-25,WoW,,20
male,21-25,WoW,,20
male,21-25,WoW,,20
male,21-25,WoW,,20
male,21-25,WoW,,20
male,21-25,WoW,,20
male,21-25,WoW,,20
male,21-25,WoW,,20
male,21-25,WoW,,20
male,21-25,WoW,,20
male,21-25,WoW,,20
male,21-25,WoW,,20
male,21-25,WoW,,20
male,21-25,WoW,,20
male,21-25,WoW,,20
male,21-25,WoW,,20
male,21-25,WoW,,20
male,21-25,WoW,,20
male,21-25,WoW,,20
male,21-25,WoW,,20
male,21-25,WoW,,20
male,21-25,WoW,,20
male,21-25,WoW,,20
male,21-25,WoW,,20
male,21-25,WoW,,20
male,21-25,WoW,,20
male,21-25,WoW,,20
male,21-25,WoW,,20
male,21-25,WoW,,20
male,21-25,WoW,,20
male,21-25,WoW,,20
male,21-25,WoW,,20
male,21-25,WoW,,20
male,21-25,WoW,,20
male,21-25,WoW,,20
male,21-25,WoW,,20
male,21-25,WoW,,20
male,21-25,WoW,,20
male,21-25,WoW,,20
male,21-25,WoW,,20
male,21-25,WoW,,20
male,21-25,WoW,,20
female,26-30,WoW,,20
male,26-30,WoW,,20
male,26-30,WoW,,20
male,26-30,WoW,,20
male,26-30,WoW,,20
male,26-30,WoW,,20
male,26-30,WoW,,20
male,26-30,WoW,,20
female,26-30,WoW,,20
male,26-30,WoW,,20
male,26-30,WoW,,20
male,26-30,WoW,,20
male,26-30,WoW,,20
male,26-30,WoW,,20
male,26-30,WoW,,20
male,26-30,WoW,,20
male,26-30,WoW,,20
male,26-30,WoW,,20
male,26-30,WoW,,20
male,26-30,WoW,,20
male,26-30,WoW,,20
male,26-30,WoW,,20
male,26-30,WoW,,20
male,26-30,WoW,,20
male,26-30,WoW,,20
male,26-30,WoW,,20
male,26-30,WoW,,20
male,26-30,WoW,,20
male,26-30,WoW,,20
male,26-30,WoW,,20
male,26-30,WoW,,20
male,26-30,WoW,,20
female,26-30,WoW,,20
male,26-30,WoW,,20
male,26-30,WoW,,20
male,26-30,WoW,,20
male,26-30,WoW,,20
male,26-30,WoW,,20
male,26-30,WoW,,20
male,26-30,WoW,,20
male,26-30,WoW,,20
male,26-30,WoW,,20
male,26-30,WoW,,20
male,26-30,WoW,,20
male,26-30,WoW,,20
male,26-30,WoW,,20
female,26-30,WoW,,20
female,26-30,WoW,,20
male,26-30,WoW,,20
male,26-30,WoW,,20
male,26-30,WoW,,20
male,26-30,WoW,,20
male,26-30,WoW,,20
male,26-30,WoW,,20
male,26-30,WoW,,20
male,26-30,WoW,,20
male,31-35,WoW,world of warcraft,20
male,31-35,WoW,,20
male,31-35,WoW,,20
male,31-35,WoW,,20
male,31-35,WoW,,20
male,31-35,WoW,,20
male,31-35,WoW,,20
male,31-35,WoW,,20
male,31-35,WoW,,20
male,31-35,WoW,,20
female,31-35,WoW,,20
male,31-35,WoW,,20
male,31-35,WoW,,20
male,31-35,WoW,,20
male,31-35,WoW,,20
male,31-35,WoW,,20
male,31-35,WoW,,20
male,31-35,WoW,,20
male,31-35,WoW,,20
male,31-35,WoW,,20
male,31-35,WoW,,20
male,31-35,WoW,,20
male,31-35,WoW,,20
female,31-35,WoW,,20
female,31-35,WoW,,20
male,31-35,WoW,,20
male,31-35,WoW,,20
male,31-35,WoW,,20
male,31-35,WoW,,20
male,31-35,WoW,,20
male,31-35,WoW,,20
male,31-35,WoW,,20
male,31-35,WoW,,20
male,31-35,WoW,,20
male,31-35,WoW,,20
male,31-35,WoW,,20
male,31-35,WoW,,20
female,31-35,WoW,,20
female,31-35,WoW,,20
male,31-35,WoW,,20
male,31-35,WoW,,20
male,31-35,WoW,,20
male,31-35,WoW,,20
male,31-35,WoW,,20
male,31-35,WoW,,20
male,31-35,WoW,,20
female,31-35,WoW,,20
female,31-35,WoW,,20
male,31-35,WoW,,20
male,31-35,WoW,,20
male,31-35,WoW,,20
male,31-35,WoW,,20
male,31-35,WoW,,20
male,31-35,WoW,,20
male,31-35,WoW,,20
male,31-35,WoW,,20
male,31-35,WoW,,20
male,31-35,WoW,,20
male,31-35,WoW,,20
female,36-40,WoW,,20
male,36-40,WoW,,20
male,36-40,WoW,,20
male,36-40,WoW,,20
male,36-40,WoW,,20
male,36-40,WoW,,20
male,36-40,WoW,,20
male,36-40,WoW,,20
male,36-40,WoW,lineage 2,20
male,36-40,WoW,,20
male,36-40,WoW,,20
male,36-40,WoW,,20
male,36-40,WoW,,20
female,36-40,WoW,,20
male,36-40,WoW,,20
male,36-40,WoW,,20
male,36-40,WoW,,20
male,36-40,WoW,,20
female,36-40,WoW,,20
male,36-40,WoW,,20
male,36-40,WoW,,20
male,36-40,WoW,,20
male,36-40,WoW,,20
male,36-40,WoW,,20
male,36-40,WoW,,20
male,36-40,WoW,,20
male,36-40,WoW,,20
male,36-40,WoW,,20
male,36-40,WoW,,20
male,36-40,WoW,,20
male,40,WoW,,20
male,40,WoW,,20
male,41-45,WoW,,20
male,41-45,WoW,,20
male,41-45,WoW,,20
male,41-45,WoW,,20
male,41-45,WoW,,20
male,41-45,WoW,,20
male,46-50,WoW,,20
male,46-50,WoW,,20
female,46-50,WoW,,20
male,46-50,WoW,,20
male,50,WoW,,20
female,51-55,WoW,,20
female,51-55,WoW,,20
male,55,WoW,,20
male,60+,WoW,,20
male,<=15,WoW,,21
male,16-20,WoW,,21
male,16-20,WoW,,21
male,16-20,WoW,,21
male,16-20,WoW,,21
male,21-25,WoW,,21
male,21-25,WoW,,21
male,21-25,WoW,,21
male,21-25,WoW,,21
male,21-25,WoW,,21
male,26-30,WoW,,21
male,26-30,WoW,,21
male,26-30,WoW,,21
male,31-35,WoW,,21
male,36-40,WoW,,21
male,36-40,WoW,,21
female,46-50,WoW,,21
male,16-20,WoW,,22
male,21-25,WoW,,22
male,21-25,WoW,,22
male,36-40,WoW,,22
male,40,WoW,,22
male,21-25,WoW,,23
male,21-25,WoW,,23
male,16-20,WoW,,24
male,16-20,WoW,,24
male,16-20,WoW,,24
male,16-20,WoW,,24
male,16-20,WoW,,24
male,16-20,WoW,,24
male,16-20,WoW,,24
male,16-20,WoW,,24
male,16-20,WoW,,24
male,16-20,WoW,,24
male,16-20,WoW,,24
male,16-20,WoW,,24
male,16-20,WoW,,24
male,16-20,WoW,,24
male,21-25,WoW,,24
male,21-25,WoW,,24
male,21-25,WoW,,24
male,21-25,WoW,,24
male,21-25,WoW,,24
male,21-25,WoW,,24
male,21-25,WoW,,24
male,21-25,WoW,,24
male,21-25,WoW,,24
female,21-25,WoW,,24
male,21-25,WoW,,24
male,21-25,WoW,,24
male,26-30,WoW,,24
male,26-30,WoW,,24
male,26-30,WoW,,24
male,26-30,WoW,,24
male,26-30,WoW,,24
male,26-30,WoW,,24
male,26-30,WoW,,24
male,26-30,WoW,,24
male,26-30,WoW,,24
male,26-30,WoW,,24
male,26-30,WoW,,24
male,31-35,WoW,,24
male,31-35,WoW,,24
female,31-35,WoW,,24
male,31-35,WoW,,24
female,36-40,WoW,,24
male,36-40,WoW,,24
male,36-40,WoW,,24
male,36-40,WoW,,24
male,36-40,WoW,,24
male,36-40,WoW,,24
male,41-45,WoW,,24
male,41-45,WoW,,24
male,46-50,WoW,,24
female,56-60,WoW,,24
male,16,WoW,,25
male,16,WoW,,25
male,16,WoW,,25
male,16-20,WoW,,25
male,16-20,WoW,,25
male,16-20,WoW,,25
male,16-20,WoW,,25
male,16-20,WoW,,25
male,16-20,WoW,,25
male,16-20,WoW,,25
male,16-20,WoW,,25
male,16-20,WoW,,25
male,16-20,WoW,,25
male,16-20,WoW,,25
male,16-20,WoW,,25
male,16-20,WoW,,25
male,16-20,WoW,,25
male,16-20,WoW,,25
male,21-25,WoW,,25
male,21-25,WoW,,25
male,21-25,WoW,,25
male,21-25,WoW,,25
male,21-25,WoW,,25
male,21-25,WoW,,25
male,21-25,WoW,,25
male,21-25,WoW,,25
male,21-25,WoW,,25
male,21-25,WoW,,25
male,21-25,WoW,,25
male,21-25,WoW,,25
male,21-25,WoW,,25
male,21-25,WoW,,25
male,21-25,WoW,,25
male,21-25,WoW,,25
female,21-25,WoW,,25
male,21-25,WoW,,25
male,21-25,WoW,,25
male,21-25,WoW,,25
male,21-25,WoW,,25
male,21-25,WoW,,25
male,21-25,WoW,,25
male,21-25,WoW,,25
male,21-25,WoW,,25
male,21-25,WoW,,25
male,21-25,WoW,,25
male,21-25,WoW,,25
male,21-25,WoW,,25
male,26-30,WoW,,25
male,26-30,WoW,,25
male,26-30,WoW,,25
male,26-30,WoW,,25
male,26-30,WoW,,25
male,26-30,WoW,,25
female,26-30,WoW,,25
male,26-30,WoW,,25
male,26-30,WoW,,25
male,26-30,WoW,,25
male,26-30,WoW,,25
male,26-30,WoW,,25
male,26-30,WoW,,25
male,26-30,WoW,,25
female,26-30,WoW,,25
male,26-30,WoW,,25
male,26-30,WoW,,25
male,26-30,WoW,,25
male,26-30,WoW,,25
male,26-30,WoW,,25
male,26-30,WoW,,25
male,26-30,WoW,,25
male,26-30,WoW,,25
male,26-30,WoW,,25
male,26-30,WoW,,25
female,31-35,WoW,,25
male,31-35,WoW,,25
male,31-35,WoW,,25
female,31-35,WoW,,25
male,31-35,WoW,,25
female,31-35,WoW,,25
male,31-35,WoW,,25
male,31-35,WoW,coh,25
male,31-35,WoW,,25
male,31-35,WoW,,25
female,31-35,WoW,,25
female,31-35,WoW,,25
female,31-35,WoW,,25
female,31-35,WoW,,25
male,31-35,WoW,,25
male,31-35,WoW,,25
male,31-35,WoW,,25
female,31-35,WoW,,25
female,31-35,WoW,,25
male,31-35,WoW,,25
male,36-40,WoW,,25
male,36-40,WoW,,25
male,36-40,WoW,,25
male,36-40,WoW,,25
male,36-40,WoW,,25
male,36-40,WoW,,25
male,36-40,WoW,,25
male,36-40,WoW,,25
male,36-40,WoW,,25
male,36-40,WoW,,25
male,36-40,WoW,,25
male,36-40,WoW,,25
male,36-40,WoW,,25
female,40,WoW,,25
male,40,WoW,,25
male,40,WoW,,25
female,41-45,WoW,,25
male,41-45,WoW,,25
male,46-50,WoW,,25
female,46-50,WoW,,25
female,55,WoW,,25
male,56-60,WoW,,25
female,56-60,WoW,,25
male,16,WoW,,26
male,26-30,WoW,,26
male,36-40,WoW,,26
female,26-30,WoW,,27
male,36-40,WoW,,27
male,<=15,WoW,,28
male,16,WoW,,28
male,16-20,WoW,,28
male,16-20,WoW,,28
male,16-20,WoW,,28
male,16-20,WoW,,28
male,16-20,WoW,,28
male,21-25,WoW,,28
male,21-25,WoW,,28
male,21-25,WoW,,28
male,21-25,WoW,,28
male,21-25,WoW,,28
male,21-25,WoW,,28
female,26-30,WoW,,28
male,26-30,WoW,,28
male,26-30,WoW,,28
male,26-30,WoW,,28
male,26-30,WoW,,28
male,31-35,WoW,,28
male,31-35,WoW,,28
male,31-35,WoW,,28
male,36-40,WoW,,28
male,36-40,WoW,,28
male,36-40,WoW,,28
male,16-20,WoW,,29
male,<=15,WoW,,30
male,<=15,WoW,,30
male,<=15,WoW,,30
male,16,WoW,planetside,30
male,16-20,WoW,,30
male,16-20,WoW,,30
male,16-20,WoW,,30
male,16-20,WoW,,30
male,16-20,WoW,,30
male,16-20,WoW,,30
male,16-20,WoW,,30
male,16-20,WoW,,30
male,16-20,WoW,,30
male,16-20,WoW,,30
male,16-20,WoW,,30
male,16-20,WoW,,30
male,16-20,WoW,,30
female,16-20,WoW,,30
male,16-20,WoW,,30
male,16-20,WoW,,30
male,16-20,WoW,,30
male,16-20,WoW,,30
male,16-20,WoW,,30
male,16-20,WoW,,30
male,16-20,WoW,,30
male,16-20,WoW,,30
male,16-20,WoW,,30
male,16-20,WoW,,30
male,16-20,WoW,,30
male,16-20,WoW,,30
male,16-20,WoW,,30
male,16-20,WoW,,30
male,16-20,WoW,,30
male,16-20,WoW,,30
male,16-20,WoW,,30
male,16-20,WoW,,30
female,21-25,WoW,,30
male,21-25,WoW,,30
male,21-25,WoW,,30
male,21-25,WoW,,30
male,21-25,WoW,,30
male,21-25,WoW,,30
male,21-25,WoW,,30
male,21-25,WoW,,30
male,21-25,WoW,,30
male,21-25,WoW,,30
male,21-25,WoW,,30
male,21-25,WoW,,30
male,21-25,WoW,,30
male,21-25,WoW,,30
male,21-25,WoW,,30
male,21-25,WoW,,30
male,21-25,WoW,,30
male,21-25,WoW,,30
male,21-25,WoW,,30
female,21-25,WoW,,30
male,21-25,WoW,,30
male,21-25,WoW,,30
male,21-25,WoW,,30
male,21-25,WoW,,30
male,21-25,WoW,,30
male,21-25,WoW,,30
male,21-25,WoW,,30
male,21-25,WoW,,30
male,21-25,WoW,,30
male,21-25,WoW,,30
male,21-25,WoW,,30
male,21-25,WoW,,30
male,21-25,WoW,,30
male,21-25,WoW,,30
male,21-25,WoW,,30
male,21-25,WoW,,30
male,21-25,WoW,,30
female,21-25,WoW,,30
male,21-25,WoW,,30
male,21-25,WoW,,30
male,21-25,WoW,,30
male,21-25,WoW,,30
male,21-25,WoW,,30
male,21-25,WoW,,30
male,21-25,WoW,,30
male,21-25,WoW,,30
male,21-25,WoW,,30
female,21-25,WoW,,30
male,21-25,WoW,,30
male,21-25,WoW,,30
male,21-25,WoW,,30
male,21-25,WoW,,30
male,21-25,WoW,,30
male,21-25,WoW,,30
male,21-25,WoW,,30
male,21-25,WoW,,30
male,21-25,WoW,,30
male,21-25,WoW,,30
male,21-25,WoW,,30
female,26-30,WoW,,30
female,26-30,WoW,,30
male,26-30,WoW,,30
male,26-30,WoW,,30
male,26-30,WoW,,30
male,26-30,WoW,,30
male,26-30,WoW,,30
male,26-30,WoW,,30
male,26-30,WoW,,30
male,26-30,WoW,,30
female,26-30,WoW,,30
female,26-30,WoW,,30
male,26-30,WoW,,30
male,26-30,WoW,,30
male,26-30,WoW,,30
male,26-30,WoW,,30
male,26-30,WoW,,30
male,26-30,WoW,,30
male,26-30,WoW,,30
male,26-30,WoW,,30
male,26-30,WoW,,30
male,26-30,WoW,,30
male,26-30,WoW,,30
male,26-30,WoW,,30
male,26-30,WoW,,30
female,26-30,WoW,,30
female,26-30,WoW,,30
male,26-30,WoW,,30
male,26-30,WoW,,30
male,26-30,WoW,,30
male,26-30,WoW,,30
male,26-30,WoW,,30
male,26-30,WoW,,30
male,26-30,WoW,,30
male,26-30,WoW,,30
male,26-30,WoW,,30
male,26-30,WoW,,30
male,26-30,WoW,,30
male,26-30,WoW,,30
male,26-30,WoW,,30
male,26-30,WoW,,30
male,26-30,WoW,,30
female,26-30,WoW,,30
female,26-30,WoW,,30
male,26-30,WoW,,30
male,26-30,WoW,,30
male,26-30,WoW,,30
male,26-30,WoW,,30
male,26-30,WoW,,30
male,26-30,WoW,,30
female,31-35,WoW,,30
female,31-35,WoW,,30
male,31-35,WoW,,30
male,31-35,WoW,,30
male,31-35,WoW,,30
male,31-35,WoW,,30
male,31-35,WoW,,30
male,31-35,WoW,,30
male,31-35,WoW,,30
male,31-35,WoW,,30
male,31-35,WoW,,30
male,31-35,WoW,,30
male,31-35,WoW,,30
male,31-35,WoW,,30
male,31-35,WoW,,30
female,31-35,WoW,,30
male,31-35,WoW,,30
male,31-35,WoW,,30
male,31-35,WoW,,30
male,31-35,WoW,,30
female,31-35,WoW,,30
male,31-35,WoW,,30
male,31-35,WoW,,30
male,31-35,WoW,,30
male,31-35,WoW,,30
male,31-35,WoW,,30
male,31-35,WoW,,30
male,31-35,WoW,,30
male,31-35,WoW,,30
male,31-35,WoW,,30
male,31-35,WoW,,30
male,31-35,WoW,,30
female,31-35,WoW,,30
male,31-35,WoW,,30
male,31-35,WoW,,30
male,31-35,WoW,,30
male,31-35,WoW,,30
male,31-35,WoW,,30
male,31-35,WoW,,30
male,31-35,WoW,,30
male,31-35,WoW,,30
female,36-40,WoW,,30
male,36-40,WoW,,30
male,36-40,WoW,,30
male,36-40,WoW,,30
male,36-40,WoW,,30
male,36-40,WoW,,30
male,36-40,WoW,,30
male,36-40,WoW,,30
male,36-40,WoW,,30
male,36-40,WoW,,30
male,36-40,WoW,,30
male,36-40,WoW,,30
male,36-40,WoW,,30
male,36-40,WoW,,30
male,36-40,WoW,,30
male,36-40,WoW,,30
female,36-40,WoW,,30
male,36-40,WoW,,30
male,36-40,WoW,,30
male,36-40,WoW,,30
male,36-40,WoW,,30
male,36-40,WoW,,30
male,36-40,WoW,,30
male,36-40,WoW,,30
male,36-40,WoW,,30
male,40,WoW,,30
male,40,WoW,,30
male,41-45,WoW,,30
male,41-45,WoW,,30
female,41-45,WoW,,30
male,41-45,WoW,,30
male,41-45,WoW,,30
female,41-45,WoW,,30
male,45,WoW,,30
male,46-50,WoW,,30
male,51-55,WoW,,30
female,51-55,WoW,,30
male,55,WoW,,30
male,31-35,WoW,,31
male,16-20,WoW,,32
female,26-30,WoW,,32
male,26-30,WoW,,32
female,31-35,WoW,,32
male,36-40,WoW,,32
female,50,WoW,,32
male,36-40,WoW,,33
male,16-20,WoW,,34
male,<=15,WoW,,35
male,<=15,WoW,,35
male,16-20,WoW,,35
male,16-20,WoW,,35
male,16-20,WoW,,35
male,16-20,WoW,,35
male,16-20,WoW,,35
male,16-20,WoW,,35
male,16-20,WoW,,35
male,16-20,WoW,,35
male,16-20,WoW,,35
male,16-20,WoW,,35
male,16-20,WoW,,35
female,21-25,WoW,,35
male,21-25,WoW,,35
male,21-25,WoW,,35
male,21-25,WoW,,35
male,21-25,WoW,,35
male,21-25,WoW,,35
male,21-25,WoW,,35
male,21-25,WoW,,35
male,21-25,WoW,,35
male,21-25,WoW,,35
male,21-25,WoW,,35
male,21-25,WoW,,35
male,21-25,WoW,,35
male,21-25,WoW,,35
male,21-25,WoW,,35
male,21-25,WoW,,35
male,21-25,WoW,,35
male,21-25,WoW,,35
male,21-25,WoW,,35
male,21-25,WoW,,35
male,21-25,WoW,,35
male,21-25,WoW,,35
male,21-25,WoW,,35
female,21-25,WoW,,35
male,21-25,WoW,,35
male,21-25,WoW,,35
male,21-25,WoW,,35
male,26-30,WoW,,35
female,26-30,WoW,,35
female,26-30,WoW,,35
male,26-30,WoW,,35
male,26-30,WoW,,35
male,26-30,WoW,,35
male,26-30,WoW,,35
male,26-30,WoW,,35
male,26-30,WoW,,35
male,26-30,WoW,,35
male,26-30,WoW,,35
male,26-30,WoW,,35
male,26-30,WoW,,35
male,26-30,WoW,,35
male,26-30,WoW,,35
male,26-30,WoW,,35
male,26-30,WoW,,35
male,26-30,WoW,,35
male,31-35,WoW,,35
male,31-35,WoW,,35
male,31-35,WoW,,35
female,31-35,WoW,,35
male,31-35,WoW,,35
male,31-35,WoW,,35
male,31-35,WoW,,35
male,31-35,WoW,,35
male,31-35,WoW,,35
male,31-35,WoW,,35
male,36-40,WoW,,35
male,36-40,WoW,,35
male,36-40,WoW,,35
male,36-40,WoW,,35
male,36-40,WoW,,35
female,36-40,WoW,,35
female,36-40,WoW,,35
male,41-45,WoW,,35
male,45,WoW,,35
female,50,WoW,,35
male,55,WoW,,35
male,16,WoW,,36
male,16-20,WoW,,36
male,21-25,WoW,,36
male,26-30,WoW,,36
male,26-30,WoW,,36
male,<=15,WoW,,37
male,16-20,WoW,,38
male,<=15,WoW,,40
male,<=15,WoW,,40
male,16,WoW,,40
male,16,WoW,,40
female,16-20,WoW,,40
male,16-20,WoW,,40
male,16-20,WoW,,40
male,16-20,WoW,,40
male,16-20,WoW,,40
male,16-20,WoW,,40
male,16-20,WoW,,40
male,16-20,WoW,,40
male,16-20,WoW,,40
male,16-20,WoW,,40
male,16-20,WoW,,40
male,16-20,WoW,,40
male,16-20,WoW,,40
male,16-20,WoW,,40
male,16-20,WoW,,40
male,16-20,WoW,,40
male,16-20,WoW,,40
male,16-20,WoW,,40
male,16-20,WoW,,40
male,16-20,WoW,,40
male,16-20,WoW,,40
male,16-20,WoW,,40
male,16-20,WoW,,40
female,21-25,WoW,,40
male,21-25,WoW,,40
male,21-25,WoW,,40
male,21-25,WoW,,40
male,21-25,WoW,,40
male,21-25,WoW,,40
male,21-25,WoW,,40
male,21-25,WoW,,40
male,21-25,WoW,,40
male,21-25,WoW,,40
male,21-25,WoW,,40
female,21-25,WoW,,40
male,21-25,WoW,,40
male,21-25,WoW,,40
male,21-25,WoW,,40
male,21-25,WoW,,40
male,21-25,WoW,,40
male,21-25,WoW,,40
male,21-25,WoW,,40
male,21-25,WoW,,40
male,21-25,WoW,,40
male,21-25,WoW,,40
male,21-25,WoW,,40
male,21-25,WoW,,40
male,21-25,WoW,,40
male,21-25,WoW,,40
female,21-25,WoW,,40
male,21-25,WoW,,40
male,21-25,WoW,,40
male,21-25,WoW,,40
male,21-25,WoW,,40
male,21-25,WoW,,40
female,21-25,WoW,,40
male,21-25,WoW,,40
male,21-25,WoW,,40
male,21-25,WoW,,40
male,21-25,WoW,,40
male,21-25,WoW,,40
male,21-25,WoW,,40
male,21-25,WoW,,40
female,26-30,WoW,,40
male,26-30,WoW,,40
male,26-30,WoW,,40
male,26-30,WoW,,40
male,26-30,WoW,,40
male,26-30,WoW,,40
male,26-30,WoW,,40
male,26-30,WoW,,40
male,26-30,WoW,,40
male,26-30,WoW,,40
female,26-30,WoW,,40
male,26-30,WoW,,40
male,26-30,WoW,,40
male,26-30,WoW,,40
male,26-30,WoW,,40
male,26-30,WoW,,40
male,26-30,WoW,,40
male,26-30,WoW,,40
male,26-30,WoW,,40
male,26-30,WoW,,40
female,26-30,WoW,,40
female,26-30,WoW,,40
male,26-30,WoW,,40
male,26-30,WoW,,40
male,26-30,WoW,,40
male,26-30,WoW,,40
male,26-30,WoW,,40
male,26-30,WoW,,40
female,26-30,WoW,,40
male,26-30,WoW,,40
male,26-30,WoW,,40
male,31-35,WoW,,40
male,31-35,WoW,,40
male,31-35,WoW,,40
female,31-35,WoW,,40
female,31-35,WoW,,40
male,31-35,WoW,,40
male,31-35,WoW,,40
male,31-35,WoW,,40
male,31-35,WoW,,40
male,31-35,WoW,,40
male,31-35,WoW,,40
male,31-35,WoW,,40
male,31-35,WoW,,40
male,31-35,WoW,,40
male,36-40,WoW,,40
female,36-40,WoW,,40
male,36-40,WoW,,40
male,36-40,WoW,,40
male,36-40,WoW,,40
male,36-40,WoW,,40
male,36-40,WoW,,40
male,36-40,WoW,,40
male,36-40,WoW,,40
male,36-40,WoW,,40
male,36-40,WoW,,40
male,36-40,WoW,,40
male,36-40,WoW,,40
female,41-45,WoW,,40
male,45,WoW,,40
male,55,WoW,,40
male,56-60,WoW,,40
male,16-20,WoW,,42
male,16-20,WoW,,42
male,21-25,WoW,,42
male,21-25,WoW,,42
male,26-30,WoW,,42
male,31-35,WoW,,42
male,31-35,WoW,,42
male,36-40,WoW,,42
male,16,WoW,,44
male,16-20,WoW,,45
male,16-20,WoW,,45
female,16-20,WoW,,45
male,21-25,WoW,,45
female,21-25,WoW,,45
male,21-25,WoW,,45
male,21-25,WoW,,45
male,21-25,WoW,,45
male,21-25,WoW,,45
male,26-30,WoW,,45
male,26-30,WoW,,45
male,26-30,WoW,,45
male,31-35,WoW,,45
male,31-35,WoW,,45
male,40,WoW,,45
male,46-50,WoW,,45
male,31-35,WoW,,46
male,16,WoW,,48
male,16-20,WoW,,48
male,16-20,WoW,,48
male,21-25,WoW,,48
male,16-20,WoW,,49
male,<=15,WoW,,50
male,<=15,WoW,,50
male,16,WoW,,50
male,16,WoW,,50
male,16,WoW,,50
male,16-20,WoW,,50
male,16-20,WoW,,50
male,16-20,WoW,,50
male,16-20,WoW,,50
male,16-20,WoW,,50
male,16-20,WoW,,50
male,16-20,WoW,,50
male,16-20,WoW,,50
male,16-20,WoW,,50
male,16-20,WoW,,50
male,16-20,WoW,,50
male,16-20,WoW,,50
male,16-20,WoW,,50
male,16-20,WoW,,50
male,16-20,WoW,,50
male,16-20,WoW,,50
female,21-25,WoW,,50
male,21-25,WoW,,50
male,21-25,WoW,,50
male,21-25,WoW,,50
male,21-25,WoW,,50
male,21-25,WoW,,50
male,21-25,WoW,,50
male,21-25,WoW,,50
female,21-25,WoW,,50
male,21-25,WoW,,50
male,21-25,WoW,,50
male,21-25,WoW,,50
male,21-25,WoW,,50
male,21-25,WoW,,50
male,21-25,WoW,,50
male,21-25,WoW,,50
male,21-25,WoW,,50
male,21-25,WoW,,50
male,21-25,WoW,,50
male,21-25,WoW,,50
male,21-25,WoW,,50
male,26-30,WoW,,50
male,26-30,WoW,,50
male,26-30,WoW,,50
male,26-30,WoW,,50
male,26-30,WoW,,50
male,26-30,WoW,,50
male,26-30,WoW,,50
male,26-30,WoW,,50
male,26-30,WoW,,50
male,26-30,WoW,,50
male,26-30,WoW,,50
male,26-30,WoW,,50
male,31-35,WoW,,50
male,31-35,WoW,,50
male,31-35,WoW,,50
male,31-35,WoW,,50
male,31-35,WoW,,50
male,31-35,WoW,,50
male,31-35,WoW,,50
male,31-35,WoW,,50
male,31-35,WoW,,50
female,36-40,WoW,,50
male,36-40,WoW,,50
male,36-40,WoW,,50
female,36-40,WoW,,50
male,41-45,WoW,,50
female,45,WoW,,50
male,51-55,WoW,,50
male,56-60,WoW,,50
male,21-25,WoW,,54
female,51-55,WoW,,54
male,<=15,WoW,,55
male,16-20,WoW,,55
male,21-25,WoW,,55
female,26-30,WoW,,55
male,31-35,WoW,,55
male,16-20,WoW,,56
male,16-20,WoW,,56
male,16-20,WoW,,56
male,21-25,WoW,,56
male,21-25,WoW,,56
male,21-25,WoW,,56
male,21-25,WoW,,56
male,16,WoW,,60
male,16-20,WoW,,60
male,16-20,WoW,,60
male,16-20,WoW,,60
male,16-20,WoW,,60
male,16-20,WoW,,60
male,16-20,WoW,,60
male,16-20,WoW,,60
male,16-20,WoW,,60
male,16-20,WoW,,60
male,21-25,WoW,,60
male,21-25,WoW,,60
male,21-25,WoW,,60
male,21-25,WoW,,60
male,21-25,WoW,,60
male,21-25,WoW,,60
male,21-25,WoW,,60
male,21-25,WoW,,60
male,26-30,WoW,,60
male,26-30,WoW,,60
male,26-30,WoW,,60
male,26-30,WoW,,60
female,26-30,WoW,,60
male,31-35,WoW,,60
male,31-35,WoW,,60
female,31-35,WoW,,60
male,31-35,WoW,,60
male,31-35,WoW,,60
female,41-45,WoW,,60
male,46-50,WoW,,60
female,51-55,WoW,,60
male,21-25,WoW,,64
male,16-20,WoW,,65
male,21-25,WoW,,65
male,21-25,WoW,,65
male,21-25,WoW,,65
male,26-30,WoW,,65
male,16-20,WoW,,70
male,16-20,WoW,,70
male,16-20,WoW,,70
male,16-20,WoW,,70
male,16-20,WoW,,70
male,16-20,WoW,,70
male,21-25,WoW,,70
male,21-25,WoW,,70
male,21-25,WoW,,70
male,21-25,WoW,,70
male,26-30,WoW,,70
male,31-35,WoW,,70
male,21-25,WoW,,72
female,21-25,WoW,,72
male,21-25,WoW,,72
female,26-30,WoW,,72
male,21-25,WoW,,74
male,21-25,WoW,,75
male,16-20,WoW,,80
male,16-20,WoW,,80
male,21-25,WoW,,80
male,21-25,WoW,,80
female,26-30,WoW,,80
female,31-35,WoW,,80
female,16-20,WoW,,84
male,26-30,WoW,,84
male,16-20,WoW,,85
male,21-25,WoW,,85
male,16-20,WoW,,96
male,21-25,WoW,,100
male,26-30,WoW,,100
male,21-25,WoW,,105
male,21-25,WoW,,110
