Gender,Age,Game,Hours
male,14-15,Other,0
male,16-17,Other,0
male,18-19,EQ,0
male,18-19,Other,0
male,20-21,EQ2,0
male,20-21,AC1,0
male,20-21,Other,0
male,22-23,WoW,0
male,24-25,SWG,0
male,24-25,Other,0
male,26-27,Other,0
male,28-29,EQ,0
male,28-29,Other,0
male,28-29,EQ,0
male,28-29,Other,0
male,30-31,Other,0
male,30-31,Other,0
male,30-31,Other,0
female,32-33,EQ,0
male,32-33,WoW,0
female,32-33,DAOC,0
male,34-35,DAOC,0
male,34-35,EQ,0
male,34-35,EQ,0
male,38-39,Other,0
female,50-51,Other,0
male,50-51,EQ,0
male,54-55,EQ,0
male,56-57,EQ,0
male,28-29,EQ,0
male,30-31,SWG,0
male,18-19,Other,0
male,18-19,EQ2,0
male,20-21,UO,0
male,20-21,AC1,0
male,22-23,UO,0
male,24-25,EQ,0
male,24-25,UO,0
female,26-27,FFXI,0
male,28-29,UO,0
female,28-29,UO,0
male,30-31,EQ,0
male,30-31,CoH,0
male,32-33,Other,0
female,34-35,EQ,0
male,34-35,EQ,0
female,42-43,UO,0
male,46-47,EQ,0
female,56-57,UO,0
male,16-17,WoW,0
male,16-17,Other,0
female,18-19,WoW,0
male,18-19,EQ,0
male,18-19,WoW,0
male,18-19,Other,0
male,20-21,Other,0
male,20-21,EQ2,0
male,20-21,Other,0
male,20-21,Other,0
male,22-23,UO,0
male,22-23,UO,0
female,24-25,WoW,0
male,24-25,Other,0
male,24-25,SWG,0
male,24-25,SWG,0
male,26-27,WoW,0
male,26-27,SWG,0
male,28-29,EQ2,0
male,28-29,CoH,0
male,30-31,SWG,0
female,32-33,SWG,0
male,34-35,EQ,0
male,34-35,EQ2,0
male,36-37,SWG,0
female,40-41,Other,0
male,12-13,Other,1
female,14-15,Other,1
female,14-15,Other,1
male,14-15,SWG,1
male,14-15,Other,1
male,18-19,Other,1
male,18-19,SWG,1
male,20-21,WoW,1
male,22-23,WoW,1
male,24-25,AO,1
male,26-27,Other,1
male,26-27,Other,1
male,26-27,WoW,1
male,28-29,WoW,1
male,28-29,Other,1
female,30-31,WoW,1
female,32-33,EQ,1
male,32-33,Other,1
male,16-17,Other,1
male,16-17,WoW,1
female,20-21,AO,1
male,20-21,EQ2,1
male,20-21,WoW,1
female,20-21,Other,1
male,20-21,WoW,1
male,20-21,WoW,1
male,22-23,WoW,1
male,22-23,WoW,1
male,22-23,WoW,1
male,24-25,Other,1
male,24-25,WoW,1
male,24-25,EQ2,1
female,26-27,EQ2,1
female,26-27,EQ2,1
female,26-27,FFXI,1
male,26-27,WoW,1
male,26-27,CoH,1
female,26-27,CoH,1
male,28-29,WoW,1
male,28-29,EQ2,1
male,28-29,WoW,1
male,30-31,SWG,1
male,32-33,CoH,1
male,32-33,DAOC,1
female,32-33,WoW,1
male,34-35,EQ,1
male,34-35,CoH,1
male,36-37,CoH,1
male,36-37,EQ2,1
female,36-37,WoW,1
male,36-37,WoW,1
male,38-39,WoW,1
female,40-41,CoH,1
female,40-41,DAOC,1
female,40-41,EQ,1
male,40-41,WoW,1
male,42-43,UO,1
male,42-43,EQ,1
female,52-53,UO,1
male,14-15,WoW,1
male,14-15,EQ,1
male,14-15,WoW,1
male,14-15,SWG,1
male,16-17,Other,1
male,16-17,WoW,1
male,16-17,Other,1
male,16-17,WoW,1
male,16-17,WoW,1
male,16-17,WoW,1
male,16-17,WoW,1
male,16-17,EQ2,1
female,18-19,Other,1
male,18-19,WoW,1
male,18-19,Other,1
male,18-19,FFXI,1
male,20-21,WoW,1
male,20-21,WoW,1
male,20-21,WoW,1
male,20-21,Other,1
male,20-21,CoH,1
male,20-21,WoW,1
male,20-21,FFXI,1
male,22-23,Other,1
male,22-23,WoW,1
female,22-23,EQ,1
male,22-23,SWG,1
female,24-25,WoW,1
female,24-25,Other,1
male,24-25,EQ,1
male,24-25,EQ,1
male,24-25,Other,1
male,24-25,UO,1
male,24-25,UO,1
male,24-25,WoW,1
female,26-27,UO,1
male,26-27,WoW,1
male,26-27,EQ2,1
male,26-27,EQ2,1
male,26-27,CoH,1
male,26-27,EQ,1
male,26-27,EQ2,1
female,28-29,CoH,1
female,28-29,WoW,1
male,28-29,EQ,1
male,28-29,EQ2,1
male,28-29,Other,1
male,28-29,SWG,1
male,28-29,AO,1
male,28-29,EQ2,1
male,28-29,UO,1
male,28-29,SWG,1
male,28-29,FFXI,1
male,30-31,CoH,1
male,30-31,EQ2,1
male,30-31,SWG,1
male,30-31,UO,1
male,30-31,WoW,1
male,30-31,Other,1
male,30-31,Other,1
male,30-31,WoW,1
male,30-31,EQ,1
male,30-31,EQ,1
male,30-31,WoW,1
male,32-33,WoW,1
male,32-33,SWG,1
female,32-33,EQ,1
male,34-35,WoW,1
male,34-35,EQ2,1
male,34-35,AO,1
male,34-35,EQ2,1
male,34-35,WoW,1
male,36-37,AO,1
male,36-37,WoW,1
male,36-37,EQ,1
male,36-37,EQ2,1
male,38-39,DAOC,1
male,40-41,EQ,1
male,42-43,WoW,1
female,48-49,SWG,1
female,50-51,UO,1
male,18-19,WoW,1
male,14-15,Other,1
male,16-17,Other,1
male,16-17,WoW,1
male,16-17,WoW,1
male,18-19,EQ,1
male,18-19,UO,1
male,18-19,WoW,1
male,18-19,WoW,1
male,20-21,WoW,1
male,20-21,WoW,1
male,20-21,WoW,1
male,20-21,WoW,1
male,20-21,WoW,1
female,22-23,WoW,1
male,22-23,Other,1
male,22-23,WoW,1
male,24-25,UO,1
male,24-25,UO,1
male,24-25,Other,1
female,24-25,EQ,1
male,24-25,EQ,1
male,24-25,SWG,1
male,24-25,WoW,1
male,24-25,FFXI,1
female,26-27,EQ2,1
male,26-27,EQ2,1
male,26-27,WoW,1
male,26-27,CoH,1
male,26-27,SWG,1
male,26-27,DAOC,1
male,26-27,WoW,1
male,26-27,WoW,1
female,28-29,UO,1
male,28-29,CoH,1
male,28-29,WoW,1
male,28-29,WoW,1
male,30-31,EQ,1
male,30-31,EQ2,1
male,30-31,WoW,1
male,30-31,Other,1
male,32-33,DAOC,1
female,34-35,EQ2,1
female,34-35,Other,1
male,34-35,EQ2,1
male,34-35,Other,1
male,36-37,WoW,1
male,36-37,EQ2,1
male,38-39,CoH,1
male,38-39,CoH,1
male,38-39,WoW,1
male,40-41,EQ,1
male,40-41,DAOC,1
female,40-41,EQ2,1
female,46-47,AC1,1
male,54-55,EQ2,1
male,16-17,SWG,1
male,18-19,WoW,1
male,18-19,AO,1
male,18-19,WoW,1
male,18-19,WoW,1
male,18-19,Other,1
male,18-19,Other,1
female,22-23,WoW,1
male,22-23,WoW,1
male,22-23,SWG,1
male,24-25,WoW,1
male,24-25,WoW,1
male,24-25,FFXI,1
female,26-27,WoW,1
male,26-27,WoW,1
male,28-29,EQ2,1
male,28-29,CoH,1
male,34-35,EQ2,1
female,36-37,EQ2,1
male,36-37,UO,1
male,38-39,WoW,1
male,12-13,WoW,2
female,14-15,Other,2
male,14-15,WoW,2
male,16-17,EQ,2
male,16-17,Other,2
male,16-17,EQ,2
male,16-17,WoW,2
male,16-17,WoW,2
male,16-17,WoW,2
male,18-19,WoW,2
male,18-19,WoW,2
male,18-19,AO,2
male,18-19,EQ2,2
female,20-21,EQ2,2
female,20-21,WoW,2
male,20-21,EQ,2
male,20-21,UO,2
male,20-21,WoW,2
male,20-21,Other,2
male,20-21,WoW,2
male,20-21,WoW,2
male,22-23,WoW,2
male,22-23,WoW,2
male,22-23,AO,2
male,22-23,WoW,2
male,22-23,EQ2,2
male,22-23,WoW,2
male,22-23,WoW,2
male,22-23,WoW,2
male,22-23,AO,2
male,24-25,EQ2,2
female,24-25,UO,2
male,24-25,EQ,2
male,24-25,EQ,2
male,24-25,WoW,2
male,24-25,WoW,2
female,26-27,WoW,2
male,26-27,WoW,2
male,26-27,SWG,2
male,26-27,EQ,2
male,26-27,UO,2
male,26-27,EQ2,2
male,26-27,WoW,2
male,26-27,WoW,2
male,26-27,EQ,2
male,26-27,FFXI,2
male,26-27,CoH,2
male,28-29,SWG,2
male,28-29,SWG,2
male,28-29,EQ,2
male,28-29,WoW,2
male,28-29,Other,2
female,30-31,AO,2
female,30-31,EQ2,2
male,30-31,WoW,2
male,30-31,Other,2
male,30-31,WoW,2
female,30-31,EQ,2
male,30-31,WoW,2
male,30-31,Other,2
male,30-31,Other,2
male,30-31,WoW,2
male,30-31,CoH,2
male,30-31,WoW,2
male,32-33,WoW,2
male,32-33,CoH,2
female,32-33,SWG,2
male,32-33,WoW,2
male,32-33,WoW,2
male,32-33,EQ2,2
male,34-35,CoH,2
male,34-35,WoW,2
male,34-35,EQ,2
male,34-35,EQ2,2
female,36-37,WoW,2
male,36-37,EQ,2
male,36-37,WoW,2
male,38-39,EQ,2
male,38-39,EQ2,2
male,38-39,WoW,2
female,40-41,Other,2
male,40-41,Other,2
female,40-41,WoW,2
male,40-41,WoW,2
male,40-41,UO,2
male,42-43,CoH,2
male,42-43,DAOC,2
male,44-45,WoW,2
male,50-51,WoW,2
male,50-51,WoW,2
male,14-15,Other,2
male,16-17,WoW,2
male,16-17,WoW,2
male,24-25,EQ,2
female,28-29,WoW,2
male,32-33,WoW,2
male,34-35,DAOC,2
male,14-15,WoW,2
male,16-17,WoW,2
male,16-17,WoW,2
male,16-17,WoW,2
male,16-17,WoW,2
female,16-17,FFXI,2
male,16-17,AO,2
male,16-17,EQ2,2
male,16-17,EQ2,2
male,16-17,Other,2
female,18-19,EQ2,2
male,18-19,WoW,2
male,18-19,EQ2,2
male,18-19,Other,2
male,18-19,EQ,2
male,18-19,WoW,2
male,18-19,WoW,2
male,18-19,WoW,2
male,18-19,WoW,2
male,18-19,Other,2
male,18-19,Other,2
male,18-19,WoW,2
male,18-19,WoW,2
male,18-19,Other,2
male,18-19,WoW,2
male,18-19,UO,2
male,18-19,EQ,2
male,18-19,Other,2
male,18-19,Other,2
male,18-19,WoW,2
male,18-19,WoW,2
male,18-19,EQ,2
male,18-19,WoW,2
male,18-19,AO,2
male,18-19,Other,2
male,18-19,WoW,2
male,18-19,EQ,2
male,18-19,WoW,2
male,18-19,SWG,2
male,18-19,WoW,2
male,18-19,WoW,2
male,18-19,Other,2
male,18-19,WoW,2
male,18-19,Other,2
male,20-21,WoW,2
male,20-21,EQ2,2
male,20-21,WoW,2
male,20-21,EQ2,2
male,20-21,FFXI,2
male,20-21,EQ,2
male,20-21,WoW,2
male,20-21,WoW,2
male,20-21,WoW,2
male,20-21,WoW,2
male,20-21,WoW,2
male,20-21,WoW,2
male,20-21,WoW,2
male,20-21,Other,2
male,20-21,WoW,2
male,20-21,WoW,2
male,20-21,WoW,2
male,20-21,WoW,2
male,20-21,WoW,2
female,20-21,CoH,2
female,20-21,WoW,2
male,20-21,Other,2
male,20-21,EQ,2
male,20-21,WoW,2
male,20-21,WoW,2
male,20-21,WoW,2
male,20-21,WoW,2
male,20-21,WoW,2
male,20-21,WoW,2
male,20-21,WoW,2
male,20-21,CoH,2
male,20-21,UO,2
male,20-21,Other,2
male,20-21,Other,2
male,20-21,WoW,2
female,22-23,EQ2,2
female,22-23,CoH,2
female,22-23,WoW,2
male,22-23,Other,2
male,22-23,AO,2
male,22-23,CoH,2
male,22-23,EQ2,2
male,22-23,WoW,2
male,22-23,WoW,2
male,22-23,WoW,2
male,22-23,WoW,2
male,22-23,EQ,2
male,22-23,Other,2
female,22-23,EQ2,2
male,22-23,UO,2
male,22-23,EQ,2
male,22-23,UO,2
male,22-23,Other,2
male,22-23,WoW,2
male,22-23,WoW,2
male,22-23,Other,2
male,22-23,WoW,2
male,22-23,EQ,2
male,22-23,WoW,2
male,24-25,WoW,2
male,24-25,WoW,2
male,24-25,WoW,2
male,24-25,WoW,2
male,24-25,WoW,2
female,24-25,WoW,2
female,24-25,WoW,2
female,24-25,Other,2
male,24-25,Other,2
male,24-25,WoW,2
male,24-25,UO,2
male,24-25,WoW,2
male,24-25,EQ,2
male,24-25,WoW,2
male,24-25,Other,2
male,24-25,WoW,2
male,24-25,WoW,2
male,24-25,EQ2,2
male,24-25,AO,2
male,24-25,Other,2
male,24-25,Other,2
male,26-27,DAOC,2
male,26-27,UO,2
male,26-27,Other,2
male,26-27,Other,2
male,26-27,EQ,2
male,26-27,WoW,2
male,26-27,WoW,2
male,26-27,EQ,2
male,26-27,Other,2
female,26-27,EQ,2
female,26-27,EQ,2
female,26-27,CoH,2
male,26-27,WoW,2
male,26-27,WoW,2
male,26-27,SWG,2
male,26-27,WoW,2
male,26-27,WoW,2
male,26-27,WoW,2
male,26-27,WoW,2
male,26-27,WoW,2
male,26-27,WoW,2
male,26-27,WoW,2
male,26-27,WoW,2
male,26-27,Other,2
male,26-27,WoW,2
male,26-27,WoW,2
female,28-29,AO,2
female,28-29,EQ2,2
male,28-29,WoW,2
male,28-29,EQ2,2
male,28-29,SWG,2
male,28-29,EQ2,2
male,28-29,WoW,2
male,28-29,SWG,2
male,28-29,WoW,2
male,28-29,WoW,2
male,28-29,Other,2
female,28-29,CoH,2
male,28-29,WoW,2
male,28-29,SWG,2
male,28-29,SWG,2
male,28-29,DAOC,2
male,28-29,SWG,2
female,30-31,UO,2
female,30-31,EQ2,2
male,30-31,UO,2
male,30-31,EQ2,2
male,30-31,EQ2,2
male,30-31,DAOC,2
male,30-31,WoW,2
male,30-31,EQ2,2
male,30-31,WoW,2
male,30-31,WoW,2
male,30-31,WoW,2
male,30-31,WoW,2
male,30-31,WoW,2
male,30-31,WoW,2
male,30-31,SWG,2
male,30-31,Other,2
female,30-31,EQ2,2
female,30-31,WoW,2
male,30-31,WoW,2
male,30-31,CoH,2
male,30-31,CoH,2
male,30-31,WoW,2
male,30-31,EQ2,2
male,30-31,CoH,2
male,30-31,WoW,2
male,30-31,EQ2,2
male,30-31,SWG,2
male,32-33,AO,2
male,32-33,WoW,2
male,32-33,WoW,2
male,32-33,WoW,2
male,32-33,WoW,2
male,32-33,DAOC,2
male,32-33,AC1,2
male,32-33,Other,2
male,32-33,CoH,2
male,32-33,Other,2
female,32-33,WoW,2
male,32-33,WoW,2
male,32-33,WoW,2
male,32-33,WoW,2
male,32-33,EQ2,2
male,32-33,Other,2
male,32-33,EQ,2
male,32-33,WoW,2
male,32-33,WoW,2
male,32-33,WoW,2
male,32-33,WoW,2
male,32-33,WoW,2
male,32-33,WoW,2
male,32-33,WoW,2
female,34-35,DAOC,2
female,34-35,WoW,2
female,34-35,DAOC,2
male,34-35,EQ2,2
male,34-35,WoW,2
male,34-35,DAOC,2
male,34-35,WoW,2
male,34-35,WoW,2
female,34-35,UO,2
female,34-35,CoH,2
male,34-35,Other,2
male,34-35,EQ,2
male,34-35,Other,2
male,34-35,CoH,2
male,34-35,EQ2,2
male,34-35,Other,2
male,34-35,UO,2
male,34-35,UO,2
male,34-35,WoW,2
male,34-35,WoW,2
male,34-35,WoW,2
female,36-37,DAOC,2
female,36-37,WoW,2
male,36-37,WoW,2
male,36-37,AC1,2
male,36-37,WoW,2
male,36-37,WoW,2
male,36-37,EQ2,2
male,36-37,WoW,2
male,38-39,WoW,2
male,38-39,DAOC,2
male,38-39,SWG,2
male,38-39,WoW,2
male,38-39,WoW,2
male,38-39,WoW,2
male,38-39,SWG,2
female,38-39,AC1,2
female,38-39,EQ2,2
male,38-39,WoW,2
male,38-39,EQ,2
male,38-39,EQ2,2
male,38-39,WoW,2
male,38-39,EQ,2
male,40-41,AO,2
male,40-41,WoW,2
male,40-41,CoH,2
male,40-41,WoW,2
male,40-41,EQ2,2
male,42-43,WoW,2
male,42-43,WoW,2
male,42-43,EQ,2
male,42-43,UO,2
male,42-43,DAOC,2
female,44-45,WoW,2
male,44-45,UO,2
male,44-45,EQ2,2
male,44-45,DAOC,2
male,44-45,EQ,2
male,44-45,WoW,2
male,46-47,EQ2,2
male,48-49,UO,2
female,50-51,EQ,2
male,50-51,UO,2
male,50-51,WoW,2
male,50-51,EQ2,2
male,50-51,WoW,2
male,52-53,WoW,2
female,52-53,WoW,2
male,52-53,CoH,2
male,52-53,EQ2,2
female,56-57,EQ2,2
male,60-,FFXI,2
male,18-19,WoW,2
male,24-25,WoW,2
male,14-15,WoW,2
male,16-17,Other,2
male,16-17,WoW,2
male,16-17,WoW,2
male,16-17,Other,2
male,18-19,UO,2
male,18-19,SWG,2
male,18-19,AO,2
male,18-19,WoW,2
male,18-19,EQ2,2
male,18-19,EQ2,2
male,18-19,WoW,2
male,18-19,EQ2,2
female,20-21,FFXI,2
male,20-21,WoW,2
male,20-21,FFXI,2
male,20-21,WoW,2
male,20-21,WoW,2
male,20-21,WoW,2
male,20-21,UO,2
male,20-21,WoW,2
male,22-23,WoW,2
male,22-23,EQ2,2
male,22-23,WoW,2
male,22-23,WoW,2
male,22-23,WoW,2
male,22-23,FFXI,2
male,24-25,WoW,2
male,24-25,SWG,2
male,24-25,WoW,2
male,24-25,WoW,2
male,24-25,WoW,2
male,24-25,WoW,2
male,24-25,WoW,2
male,24-25,EQ,2
male,24-25,SWG,2
male,24-25,WoW,2
male,24-25,EQ2,2
male,24-25,WoW,2
male,24-25,WoW,2
male,24-25,EQ2,2
male,24-25,EQ2,2
male,24-25,WoW,2
male,24-25,WoW,2
female,26-27,EQ2,2
female,26-27,EQ,2
male,26-27,WoW,2
male,26-27,Other,2
male,26-27,EQ2,2
male,26-27,Other,2
male,26-27,Other,2
female,28-29,EQ2,2
male,28-29,EQ2,2
male,28-29,WoW,2
male,28-29,WoW,2
male,28-29,SWG,2
female,28-29,FFXI,2
male,28-29,CoH,2
male,28-29,WoW,2
male,28-29,EQ,2
male,28-29,WoW,2
female,30-31,DAOC,2
female,30-31,Other,2
male,30-31,SWG,2
male,30-31,EQ2,2
male,30-31,WoW,2
male,30-31,WoW,2
male,30-31,WoW,2
male,30-31,WoW,2
male,30-31,WoW,2
female,32-33,EQ2,2
female,32-33,WoW,2
male,32-33,SWG,2
male,32-33,WoW,2
male,32-33,WoW,2
male,32-33,EQ,2
male,32-33,WoW,2
male,32-33,WoW,2
male,32-33,WoW,2
male,32-33,WoW,2
male,32-33,WoW,2
male,32-33,EQ2,2
male,32-33,EQ,2
male,32-33,EQ2,2
female,34-35,DAOC,2
male,34-35,Other,2
male,34-35,WoW,2
male,34-35,WoW,2
female,34-35,CoH,2
male,34-35,CoH,2
male,34-35,EQ,2
male,34-35,CoH,2
male,34-35,WoW,2
male,36-37,EQ,2
male,36-37,WoW,2
male,36-37,WoW,2
male,36-37,CoH,2
male,36-37,WoW,2
male,36-37,WoW,2
male,36-37,EQ,2
male,36-37,DAOC,2
male,38-39,WoW,2
male,38-39,WoW,2
male,38-39,EQ,2
male,42-43,EQ2,2
male,42-43,DAOC,2
male,42-43,CoH,2
female,44-45,WoW,2
male,44-45,Other,2
male,46-47,WoW,2
male,46-47,EQ,2
male,48-49,WoW,2
male,48-49,Other,2
male,52-53,EQ,2
male,54-55,WoW,2
female,58-59,EQ,2
male,60-,WoW,2
female,60-,WoW,2
male,16-17,Other,3
male,34-35,SWG,3
male,36-37,Other,3
female,44-45,CoH,3
male,16-17,Other,3
male,16-17,WoW,3
male,16-17,FFXI,3
male,16-17,WoW,3
male,18-19,Other,3
male,18-19,Other,3
male,18-19,WoW,3
male,18-19,CoH,3
male,18-19,WoW,3
male,18-19,DAOC,3
male,18-19,WoW,3
male,18-19,AO,3
male,18-19,WoW,3
male,18-19,WoW,3
male,20-21,WoW,3
male,20-21,EQ2,3
male,20-21,WoW,3
male,20-21,WoW,3
male,20-21,WoW,3
male,20-21,WoW,3
male,20-21,WoW,3
female,22-23,EQ,3
male,22-23,WoW,3
male,22-23,WoW,3
male,22-23,EQ2,3
male,22-23,WoW,3
female,24-25,WoW,3
male,24-25,WoW,3
male,24-25,WoW,3
male,24-25,WoW,3
male,24-25,EQ2,3
male,24-25,SWG,3
female,24-25,DAOC,3
male,24-25,WoW,3
male,24-25,DAOC,3
male,24-25,Other,3
male,26-27,WoW,3
male,26-27,WoW,3
male,28-29,WoW,3
male,28-29,WoW,3
female,28-29,WoW,3
male,28-29,WoW,3
male,28-29,Other,3
male,28-29,WoW,3
male,28-29,WoW,3
male,28-29,SWG,3
male,30-31,AO,3
male,30-31,WoW,3
male,30-31,WoW,3
male,30-31,WoW,3
male,32-33,Other,3
male,32-33,WoW,3
male,32-33,EQ,3
male,32-33,WoW,3
male,32-33,Other,3
male,32-33,WoW,3
male,32-33,Other,3
male,32-33,WoW,3
male,34-35,EQ2,3
male,34-35,WoW,3
male,34-35,WoW,3
male,36-37,WoW,3
male,36-37,EQ2,3
male,36-37,EQ2,3
female,38-39,WoW,3
male,42-43,WoW,3
male,48-49,WoW,3
male,14-15,WoW,3
male,14-15,WoW,3
male,16-17,WoW,3
male,16-17,WoW,3
male,16-17,AO,3
male,16-17,Other,3
male,16-17,AO,3
male,16-17,EQ2,3
female,18-19,EQ,3
male,18-19,AO,3
male,18-19,WoW,3
male,18-19,EQ2,3
male,18-19,WoW,3
male,18-19,WoW,3
male,18-19,WoW,3
male,18-19,WoW,3
male,18-19,WoW,3
male,18-19,WoW,3
male,18-19,WoW,3
male,18-19,WoW,3
male,18-19,WoW,3
male,18-19,WoW,3
male,18-19,WoW,3
male,18-19,Other,3
female,18-19,EQ2,3
female,18-19,WoW,3
female,18-19,WoW,3
female,18-19,Other,3
male,18-19,WoW,3
male,18-19,WoW,3
male,18-19,WoW,3
male,18-19,WoW,3
male,18-19,WoW,3
male,20-21,WoW,3
male,20-21,WoW,3
male,20-21,WoW,3
male,20-21,WoW,3
male,20-21,WoW,3
male,20-21,WoW,3
male,20-21,WoW,3
male,20-21,WoW,3
male,20-21,WoW,3
male,20-21,FFXI,3
male,20-21,CoH,3
male,20-21,Other,3
male,20-21,CoH,3
male,20-21,WoW,3
female,20-21,UO,3
male,20-21,WoW,3
male,20-21,WoW,3
male,20-21,WoW,3
male,20-21,WoW,3
male,20-21,SWG,3
male,20-21,WoW,3
male,20-21,WoW,3
male,20-21,WoW,3
male,20-21,WoW,3
male,20-21,WoW,3
male,20-21,WoW,3
female,22-23,WoW,3
female,22-23,WoW,3
female,22-23,Other,3
male,22-23,FFXI,3
male,22-23,Other,3
male,22-23,WoW,3
male,22-23,WoW,3
male,22-23,WoW,3
male,22-23,WoW,3
male,22-23,WoW,3
male,22-23,UO,3
male,22-23,WoW,3
male,22-23,WoW,3
male,22-23,WoW,3
male,22-23,WoW,3
male,22-23,WoW,3
male,22-23,WoW,3
male,22-23,WoW,3
male,22-23,WoW,3
male,22-23,WoW,3
male,22-23,WoW,3
male,22-23,WoW,3
male,22-23,WoW,3
male,22-23,WoW,3
male,22-23,WoW,3
male,22-23,Other,3
female,24-25,EQ2,3
female,24-25,Other,3
male,24-25,WoW,3
male,24-25,EQ2,3
male,24-25,WoW,3
male,24-25,WoW,3
male,24-25,Other,3
male,24-25,WoW,3
male,24-25,WoW,3
male,24-25,WoW,3
male,24-25,AO,3
male,24-25,WoW,3
male,24-25,EQ2,3
male,24-25,SWG,3
male,24-25,WoW,3
male,24-25,WoW,3
female,24-25,WoW,3
female,24-25,UO,3
female,24-25,WoW,3
male,24-25,WoW,3
male,24-25,WoW,3
male,24-25,WoW,3
male,24-25,WoW,3
male,24-25,WoW,3
male,24-25,EQ2,3
male,26-27,WoW,3
male,26-27,WoW,3
male,26-27,EQ2,3
male,26-27,Other,3
male,26-27,WoW,3
male,26-27,WoW,3
male,26-27,WoW,3
male,26-27,EQ,3
female,26-27,Other,3
male,26-27,Other,3
male,26-27,WoW,3
male,26-27,WoW,3
male,26-27,WoW,3
male,26-27,WoW,3
male,26-27,WoW,3
male,26-27,WoW,3
male,26-27,CoH,3
male,26-27,WoW,3
male,26-27,Other,3
male,26-27,WoW,3
male,26-27,Other,3
female,28-29,WoW,3
female,28-29,WoW,3
male,28-29,EQ2,3
male,28-29,EQ,3
male,28-29,WoW,3
male,28-29,WoW,3
male,28-29,EQ,3
male,28-29,WoW,3
male,28-29,WoW,3
male,28-29,DAOC,3
male,28-29,WoW,3
female,28-29,CoH,3
male,28-29,Other,3
male,28-29,SWG,3
male,28-29,WoW,3
male,28-29,AO,3
male,28-29,EQ,3
male,30-31,WoW,3
male,30-31,WoW,3
male,30-31,EQ2,3
male,30-31,CoH,3
male,30-31,WoW,3
male,30-31,WoW,3
male,30-31,WoW,3
male,30-31,WoW,3
male,30-31,WoW,3
male,30-31,WoW,3
male,30-31,WoW,3
male,30-31,UO,3
male,30-31,SWG,3
male,30-31,EQ2,3
male,30-31,WoW,3
male,30-31,EQ,3
male,30-31,WoW,3
male,30-31,WoW,3
male,30-31,WoW,3
male,30-31,WoW,3
male,30-31,WoW,3
male,30-31,EQ2,3
male,30-31,WoW,3
male,30-31,WoW,3
male,30-31,WoW,3
female,32-33,WoW,3
male,32-33,EQ2,3
male,32-33,WoW,3
male,32-33,EQ2,3
male,32-33,WoW,3
male,32-33,EQ,3
male,32-33,Other,3
male,32-33,WoW,3
male,32-33,EQ2,3
male,32-33,EQ2,3
male,32-33,Other,3
male,32-33,WoW,3
male,32-33,Other,3
female,32-33,AO,3
male,32-33,WoW,3
male,32-33,UO,3
male,32-33,Other,3
male,32-33,EQ2,3
male,32-33,WoW,3
male,32-33,WoW,3
male,34-35,WoW,3
male,34-35,WoW,3
male,34-35,EQ,3
male,34-35,WoW,3
male,34-35,WoW,3
male,34-35,SWG,3
male,34-35,WoW,3
female,34-35,EQ,3
male,34-35,WoW,3
male,34-35,EQ2,3
male,34-35,WoW,3
male,34-35,Other,3
male,36-37,EQ,3
male,36-37,EQ2,3
male,36-37,WoW,3
male,36-37,AC1,3
female,36-37,SWG,3
female,36-37,WoW,3
male,36-37,WoW,3
male,36-37,SWG,3
male,36-37,WoW,3
male,36-37,EQ,3
male,36-37,WoW,3
male,36-37,WoW,3
female,38-39,DAOC,3
male,38-39,DAOC,3
male,38-39,WoW,3
female,38-39,EQ,3
male,38-39,EQ,3
male,38-39,SWG,3
male,38-39,EQ2,3
male,38-39,WoW,3
male,38-39,EQ2,3
female,40-41,WoW,3
male,40-41,EQ,3
male,40-41,WoW,3
male,40-41,CoH,3
male,40-41,WoW,3
male,40-41,Other,3
female,40-41,CoH,3
male,40-41,WoW,3
male,40-41,WoW,3
male,40-41,WoW,3
female,42-43,EQ,3
female,42-43,UO,3
male,42-43,WoW,3
male,42-43,SWG,3
male,42-43,Other,3
female,44-45,EQ2,3
male,44-45,EQ2,3
male,44-45,WoW,3
male,46-47,EQ2,3
female,46-47,EQ,3
female,48-49,EQ2,3
female,48-49,WoW,3
male,48-49,WoW,3
male,50-51,WoW,3
male,52-53,FFXI,3
male,60-,WoW,3
male,16-17,AO,3
male,16-17,EQ2,3
male,16-17,Other,3
male,18-19,WoW,3
male,18-19,FFXI,3
male,18-19,WoW,3
male,18-19,EQ2,3
male,18-19,Other,3
male,20-21,Other,3
male,22-23,WoW,3
male,22-23,AO,3
male,22-23,EQ,3
male,22-23,WoW,3
male,22-23,WoW,3
female,24-25,EQ,3
male,24-25,DAOC,3
male,24-25,WoW,3
male,24-25,WoW,3
male,24-25,Other,3
female,24-25,WoW,3
male,24-25,WoW,3
male,24-25,WoW,3
male,24-25,WoW,3
male,24-25,EQ2,3
male,24-25,WoW,3
male,26-27,WoW,3
male,26-27,WoW,3
male,26-27,WoW,3
male,28-29,WoW,3
male,28-29,UO,3
male,28-29,EQ2,3
male,28-29,DAOC,3
male,30-31,WoW,3
male,30-31,WoW,3
female,30-31,EQ,3
male,30-31,Other,3
male,30-31,WoW,3
male,32-33,WoW,3
male,32-33,SWG,3
male,32-33,WoW,3
male,32-33,WoW,3
male,34-35,WoW,3
female,36-37,DAOC,3
male,38-39,WoW,3
female,42-43,EQ,3
male,46-47,WoW,3
male,50-51,EQ,3
male,58-59,WoW,3
male,14-15,WoW,3
male,34-35,WoW,3
male,16-17,EQ2,4
female,16-17,WoW,4
male,16-17,WoW,4
male,18-19,WoW,4
male,18-19,WoW,4
male,18-19,WoW,4
male,18-19,WoW,4
female,20-21,WoW,4
male,20-21,EQ2,4
male,20-21,WoW,4
male,22-23,EQ2,4
male,22-23,WoW,4
male,22-23,WoW,4
male,22-23,WoW,4
male,22-23,WoW,4
male,22-23,WoW,4
male,24-25,WoW,4
male,24-25,WoW,4
male,24-25,WoW,4
male,24-25,WoW,4
female,24-25,WoW,4
male,24-25,WoW,4
female,26-27,WoW,4
male,26-27,EQ,4
male,26-27,WoW,4
male,26-27,CoH,4
male,26-27,SWG,4
male,28-29,EQ,4
male,28-29,WoW,4
male,28-29,EQ2,4
female,28-29,WoW,4
male,30-31,WoW,4
male,34-35,EQ2,4
female,34-35,AC1,4
male,34-35,DAOC,4
male,34-35,WoW,4
female,38-39,EQ,4
male,48-49,WoW,4
male,50-51,EQ,4
male,56-57,UO,4
female,36-37,SWG,4
male,14-15,SWG,4
male,14-15,WoW,4
male,14-15,Other,4
female,16-17,Other,4
male,16-17,WoW,4
male,16-17,WoW,4
male,16-17,AO,4
male,16-17,WoW,4
male,16-17,WoW,4
male,16-17,WoW,4
male,16-17,Other,4
female,16-17,EQ,4
male,16-17,WoW,4
male,16-17,WoW,4
male,16-17,WoW,4
male,16-17,WoW,4
male,16-17,EQ2,4
male,16-17,WoW,4
male,16-17,WoW,4
male,16-17,EQ,4
male,16-17,WoW,4
female,18-19,EQ2,4
male,18-19,WoW,4
male,18-19,WoW,4
male,18-19,WoW,4
male,18-19,WoW,4
male,18-19,WoW,4
male,18-19,WoW,4
male,18-19,WoW,4
male,18-19,WoW,4
male,18-19,WoW,4
male,18-19,DAOC,4
male,18-19,WoW,4
male,18-19,WoW,4
male,18-19,WoW,4
male,18-19,WoW,4
male,18-19,WoW,4
male,18-19,WoW,4
male,18-19,WoW,4
male,18-19,SWG,4
male,18-19,WoW,4
male,18-19,WoW,4
male,18-19,CoH,4
male,18-19,WoW,4
male,18-19,WoW,4
male,18-19,Other,4
male,18-19,EQ,4
male,18-19,Other,4
male,18-19,EQ2,4
male,18-19,DAOC,4
male,18-19,Other,4
female,18-19,WoW,4
female,18-19,WoW,4
female,18-19,WoW,4
female,18-19,EQ,4
male,18-19,EQ2,4
male,18-19,WoW,4
male,18-19,WoW,4
male,18-19,WoW,4
male,18-19,WoW,4
male,18-19,WoW,4
male,18-19,WoW,4
male,18-19,WoW,4
male,18-19,WoW,4
male,18-19,WoW,4
male,18-19,WoW,4
male,18-19,WoW,4
male,18-19,Other,4
male,18-19,SWG,4
male,18-19,WoW,4
male,18-19,WoW,4
male,18-19,WoW,4
male,18-19,WoW,4
male,18-19,Other,4
male,18-19,Other,4
male,18-19,EQ2,4
female,20-21,WoW,4
female,20-21,UO,4
male,20-21,WoW,4
male,20-21,EQ2,4
male,20-21,WoW,4
male,20-21,WoW,4
male,20-21,Other,4
male,20-21,EQ2,4
male,20-21,Other,4
male,20-21,AO,4
male,20-21,WoW,4
male,20-21,WoW,4
male,20-21,WoW,4
male,20-21,WoW,4
male,20-21,WoW,4
male,20-21,WoW,4
male,20-21,AO,4
male,20-21,EQ2,4
male,20-21,WoW,4
male,20-21,WoW,4
male,20-21,WoW,4
male,20-21,WoW,4
male,20-21,EQ2,4
male,20-21,Other,4
male,20-21,EQ2,4
male,20-21,WoW,4
male,20-21,WoW,4
male,20-21,WoW,4
male,20-21,WoW,4
male,20-21,EQ2,4
male,20-21,FFXI,4
male,20-21,WoW,4
male,20-21,WoW,4
male,20-21,WoW,4
male,20-21,WoW,4
male,20-21,WoW,4
male,20-21,WoW,4
male,20-21,WoW,4
male,20-21,WoW,4
male,20-21,WoW,4
male,20-21,EQ2,4
male,20-21,WoW,4
male,20-21,WoW,4
male,20-21,WoW,4
male,20-21,WoW,4
male,20-21,WoW,4
male,20-21,WoW,4
male,20-21,WoW,4
male,20-21,SWG,4
male,20-21,WoW,4
male,20-21,WoW,4
male,20-21,WoW,4
male,20-21,EQ2,4
male,20-21,WoW,4
male,20-21,WoW,4
male,20-21,SWG,4
female,22-23,WoW,4
male,22-23,UO,4
male,22-23,Other,4
male,22-23,WoW,4
male,22-23,WoW,4
male,22-23,WoW,4
male,22-23,EQ2,4
male,22-23,WoW,4
male,22-23,WoW,4
male,22-23,WoW,4
male,22-23,WoW,4
male,22-23,WoW,4
male,22-23,WoW,4
male,22-23,WoW,4
male,22-23,WoW,4
male,22-23,WoW,4
male,22-23,WoW,4
male,22-23,WoW,4
male,22-23,WoW,4
male,22-23,WoW,4
male,22-23,WoW,4
male,22-23,WoW,4
male,22-23,WoW,4
male,22-23,WoW,4
male,22-23,WoW,4
male,22-23,WoW,4
male,22-23,FFXI,4
male,22-23,AO,4
male,22-23,FFXI,4
female,22-23,UO,4
female,22-23,WoW,4
female,22-23,DAOC,4
male,22-23,EQ2,4
male,22-23,WoW,4
male,22-23,WoW,4
male,22-23,WoW,4
male,22-23,WoW,4
male,22-23,WoW,4
male,22-23,FFXI,4
male,22-23,EQ,4
male,22-23,WoW,4
male,22-23,WoW,4
male,22-23,WoW,4
male,22-23,WoW,4
male,22-23,WoW,4
male,22-23,WoW,4
male,22-23,WoW,4
male,22-23,WoW,4
male,22-23,WoW,4
male,22-23,CoH,4
male,22-23,WoW,4
male,22-23,WoW,4
male,22-23,WoW,4
male,22-23,WoW,4
male,22-23,WoW,4
male,22-23,WoW,4
male,22-23,WoW,4
male,22-23,WoW,4
male,22-23,WoW,4
male,22-23,WoW,4
male,22-23,WoW,4
female,24-25,EQ2,4
female,24-25,EQ2,4
male,24-25,WoW,4
male,24-25,WoW,4
male,24-25,WoW,4
male,24-25,WoW,4
male,24-25,AO,4
male,24-25,WoW,4
male,24-25,WoW,4
male,24-25,WoW,4
male,24-25,WoW,4
male,24-25,WoW,4
male,24-25,WoW,4
male,24-25,WoW,4
male,24-25,WoW,4
male,24-25,WoW,4
male,24-25,WoW,4
male,24-25,WoW,4
male,24-25,DAOC,4
male,24-25,WoW,4
male,24-25,WoW,4
male,24-25,WoW,4
male,24-25,WoW,4
male,24-25,WoW,4
male,24-25,WoW,4
male,24-25,EQ2,4
male,24-25,SWG,4
male,24-25,Other,4
male,24-25,Other,4
male,24-25,Other,4
male,24-25,Other,4
male,24-25,EQ,4
male,24-25,EQ,4
male,24-25,EQ,4
female,24-25,WoW,4
female,24-25,UO,4
male,24-25,EQ,4
male,24-25,WoW,4
male,24-25,EQ2,4
male,24-25,WoW,4
male,24-25,DAOC,4
male,24-25,CoH,4
male,24-25,WoW,4
male,24-25,AO,4
male,24-25,WoW,4
male,24-25,WoW,4
male,24-25,Other,4
male,24-25,WoW,4
male,24-25,EQ2,4
male,24-25,UO,4
male,24-25,EQ2,4
male,24-25,EQ,4
male,24-25,FFXI,4
male,24-25,WoW,4
male,24-25,SWG,4
female,26-27,WoW,4
female,26-27,Other,4
male,26-27,WoW,4
male,26-27,EQ,4
male,26-27,WoW,4
male,26-27,WoW,4
male,26-27,WoW,4
male,26-27,WoW,4
male,26-27,WoW,4
male,26-27,EQ2,4
male,26-27,WoW,4
male,26-27,WoW,4
male,26-27,EQ2,4
male,26-27,EQ2,4
male,26-27,WoW,4
male,26-27,SWG,4
male,26-27,WoW,4
female,26-27,EQ2,4
female,26-27,EQ2,4
male,26-27,EQ2,4
male,26-27,FFXI,4
male,26-27,WoW,4
male,26-27,WoW,4
male,26-27,WoW,4
male,26-27,CoH,4
male,26-27,WoW,4
male,26-27,SWG,4
male,26-27,WoW,4
male,26-27,WoW,4
male,26-27,WoW,4
male,26-27,WoW,4
male,26-27,WoW,4
male,26-27,WoW,4
male,26-27,WoW,4
male,26-27,WoW,4
male,26-27,SWG,4
male,26-27,Other,4
male,26-27,WoW,4
male,26-27,Other,4
female,28-29,WoW,4
male,28-29,DAOC,4
male,28-29,WoW,4
male,28-29,SWG,4
male,28-29,EQ2,4
male,28-29,WoW,4
male,28-29,DAOC,4
male,28-29,WoW,4
male,28-29,WoW,4
male,28-29,WoW,4
male,28-29,WoW,4
male,28-29,CoH,4
male,28-29,WoW,4
male,28-29,WoW,4
male,28-29,WoW,4
male,28-29,WoW,4
male,28-29,Other,4
male,28-29,WoW,4
male,28-29,WoW,4
male,28-29,WoW,4
male,28-29,CoH,4
male,28-29,Other,4
male,28-29,EQ2,4
female,28-29,WoW,4
female,28-29,EQ,4
female,28-29,EQ2,4
female,28-29,WoW,4
male,28-29,CoH,4
male,28-29,EQ,4
male,28-29,WoW,4
male,28-29,WoW,4
male,28-29,SWG,4
male,28-29,Other,4
male,28-29,WoW,4
male,28-29,WoW,4
male,28-29,WoW,4
male,28-29,WoW,4
male,28-29,WoW,4
male,28-29,EQ2,4
male,28-29,CoH,4
male,28-29,EQ2,4
male,28-29,WoW,4
male,28-29,SWG,4
male,28-29,Other,4
female,30-31,EQ2,4
male,30-31,WoW,4
male,30-31,WoW,4
male,30-31,EQ2,4
male,30-31,EQ2,4
male,30-31,Other,4
male,30-31,WoW,4
male,30-31,SWG,4
male,30-31,Other,4
male,30-31,WoW,4
male,30-31,WoW,4
male,30-31,CoH,4
male,30-31,WoW,4
male,30-31,WoW,4
male,30-31,WoW,4
male,30-31,WoW,4
male,30-31,EQ,4
male,30-31,WoW,4
male,30-31,Other,4
male,30-31,Other,4
female,30-31,WoW,4
male,30-31,WoW,4
male,30-31,WoW,4
male,30-31,WoW,4
male,30-31,EQ2,4
male,30-31,EQ,4
male,30-31,WoW,4
male,30-31,WoW,4
male,30-31,WoW,4
male,30-31,WoW,4
male,30-31,WoW,4
male,30-31,CoH,4
male,30-31,WoW,4
male,30-31,WoW,4
male,30-31,WoW,4
male,30-31,Other,4
male,30-31,WoW,4
female,32-33,WoW,4
female,32-33,WoW,4
male,32-33,WoW,4
male,32-33,WoW,4
male,32-33,EQ2,4
male,32-33,EQ2,4
male,32-33,WoW,4
male,32-33,WoW,4
male,32-33,WoW,4
male,32-33,WoW,4
male,32-33,WoW,4
male,32-33,EQ,4
male,32-33,WoW,4
male,32-33,WoW,4
male,32-33,WoW,4
male,32-33,EQ2,4
male,32-33,WoW,4
male,32-33,WoW,4
female,32-33,EQ2,4
female,32-33,WoW,4
female,32-33,DAOC,4
female,32-33,WoW,4
male,32-33,EQ,4
male,32-33,WoW,4
male,32-33,WoW,4
male,32-33,WoW,4
male,32-33,AO,4
male,32-33,CoH,4
male,32-33,WoW,4
male,32-33,WoW,4
male,32-33,WoW,4
male,32-33,WoW,4
male,32-33,Other,4
female,34-35,WoW,4
female,34-35,WoW,4
female,34-35,EQ2,4
male,34-35,WoW,4
male,34-35,DAOC,4
male,34-35,SWG,4
male,34-35,WoW,4
male,34-35,WoW,4
male,34-35,WoW,4
male,34-35,WoW,4
male,34-35,WoW,4
male,34-35,Other,4
male,34-35,WoW,4
male,34-35,Other,4
male,34-35,WoW,4
male,34-35,WoW,4
male,34-35,WoW,4
male,34-35,AO,4
male,34-35,WoW,4
male,34-35,EQ,4
female,34-35,WoW,4
male,34-35,WoW,4
male,34-35,Other,4
male,34-35,WoW,4
male,34-35,EQ2,4
male,34-35,WoW,4
male,34-35,CoH,4
male,34-35,WoW,4
male,34-35,WoW,4
male,34-35,WoW,4
male,34-35,WoW,4
male,34-35,WoW,4
male,34-35,EQ,4
male,34-35,WoW,4
male,34-35,WoW,4
male,34-35,WoW,4
male,34-35,WoW,4
female,36-37,EQ,4
female,36-37,WoW,4
male,36-37,WoW,4
male,36-37,UO,4
male,36-37,EQ2,4
male,36-37,EQ,4
male,36-37,WoW,4
male,36-37,WoW,4
male,36-37,WoW,4
male,36-37,EQ2,4
female,36-37,EQ,4
female,36-37,EQ,4
female,36-37,WoW,4
male,36-37,WoW,4
male,36-37,WoW,4
male,36-37,WoW,4
male,36-37,WoW,4
male,36-37,SWG,4
female,38-39,FFXI,4
male,38-39,AO,4
male,38-39,WoW,4
male,38-39,EQ,4
male,38-39,EQ,4
male,38-39,SWG,4
male,38-39,EQ2,4
male,38-39,EQ2,4
male,38-39,WoW,4
male,38-39,EQ2,4
male,38-39,EQ,4
male,38-39,WoW,4
male,38-39,WoW,4
male,38-39,WoW,4
male,38-39,EQ2,4
male,38-39,CoH,4
male,38-39,WoW,4
male,38-39,DAOC,4
male,38-39,Other,4
male,38-39,WoW,4
female,40-41,SWG,4
male,40-41,WoW,4
male,40-41,EQ,4
male,40-41,EQ2,4
male,40-41,DAOC,4
male,40-41,WoW,4
female,40-41,DAOC,4
male,40-41,WoW,4
male,40-41,EQ2,4
male,40-41,WoW,4
male,40-41,WoW,4
male,40-41,EQ2,4
female,42-43,AO,4
male,42-43,Other,4
male,42-43,EQ,4
male,42-43,WoW,4
male,42-43,EQ2,4
male,42-43,DAOC,4
male,42-43,WoW,4
male,42-43,Other,4
male,42-43,WoW,4
male,42-43,EQ,4
male,42-43,EQ2,4
male,44-45,Other,4
male,44-45,EQ,4
male,44-45,EQ,4
male,44-45,EQ,4
male,44-45,EQ2,4
female,46-47,EQ,4
male,46-47,WoW,4
male,46-47,EQ,4
male,46-47,WoW,4
female,48-49,WoW,4
male,48-49,WoW,4
male,48-49,EQ,4
male,48-49,EQ2,4
male,50-51,WoW,4
female,50-51,WoW,4
female,50-51,WoW,4
female,50-51,UO,4
female,52-53,DAOC,4
male,52-53,EQ2,4
female,54-55,UO,4
female,54-55,EQ2,4
male,54-55,WoW,4
male,56-57,AO,4
male,60-,WoW,4
male,14-15,WoW,4
male,18-19,SWG,4
male,18-19,WoW,4
male,18-19,WoW,4
male,18-19,WoW,4
male,20-21,WoW,4
male,20-21,Other,4
female,22-23,EQ,4
male,22-23,FFXI,4
male,22-23,WoW,4
male,22-23,DAOC,4
male,22-23,WoW,4
male,22-23,WoW,4
male,24-25,WoW,4
male,24-25,WoW,4
male,26-27,WoW,4
male,26-27,WoW,4
male,26-27,WoW,4
female,30-31,DAOC,4
male,32-33,WoW,4
male,36-37,WoW,4
male,36-37,WoW,4
female,46-47,WoW,4
male,50-51,CoH,4
male,18-19,WoW,4
male,18-19,CoH,4
male,20-21,WoW,4
male,24-25,WoW,4
male,26-27,Other,4
male,28-29,EQ2,4
male,38-39,WoW,4
male,40-41,EQ,4
male,40-41,WoW,4
female,40-41,SWG,4
male,40-41,EQ,4
male,20-21,CoH,5
male,22-23,WoW,5
male,22-23,WoW,5
female,26-27,EQ2,5
male,14-15,Other,5
male,16-17,EQ2,5
male,16-17,WoW,5
male,16-17,WoW,5
male,16-17,Other,5
male,16-17,WoW,5
male,18-19,WoW,5
male,18-19,WoW,5
male,18-19,WoW,5
male,18-19,WoW,5
male,18-19,WoW,5
male,18-19,WoW,5
male,18-19,WoW,5
male,18-19,WoW,5
male,18-19,Other,5
male,18-19,WoW,5
male,18-19,WoW,5
male,18-19,AO,5
male,18-19,EQ,5
male,18-19,Other,5
male,20-21,WoW,5
male,20-21,Other,5
male,20-21,WoW,5
male,20-21,WoW,5
male,20-21,WoW,5
male,20-21,WoW,5
male,20-21,WoW,5
male,20-21,WoW,5
male,20-21,FFXI,5
male,22-23,WoW,5
male,22-23,WoW,5
male,22-23,DAOC,5
male,22-23,WoW,5
female,24-25,WoW,5
male,24-25,WoW,5
male,24-25,WoW,5
male,24-25,EQ2,5
male,24-25,WoW,5
male,26-27,SWG,5
male,26-27,Other,5
male,26-27,WoW,5
male,26-27,WoW,5
male,26-27,WoW,5
male,26-27,WoW,5
male,28-29,WoW,5
male,28-29,WoW,5
male,28-29,WoW,5
male,28-29,WoW,5
male,28-29,WoW,5
male,28-29,EQ2,5
male,28-29,WoW,5
male,30-31,WoW,5
male,30-31,WoW,5
female,30-31,WoW,5
male,30-31,WoW,5
female,34-35,EQ,5
female,34-35,WoW,5
male,34-35,WoW,5
male,34-35,WoW,5
male,36-37,WoW,5
male,36-37,WoW,5
male,36-37,WoW,5
male,40-41,WoW,5
male,40-41,WoW,5
female,42-43,EQ,5
male,44-45,EQ2,5
male,48-49,WoW,5
female,56-57,WoW,5
male,60-,EQ,5
male,16-17,Other,5
male,16-17,WoW,5
male,16-17,WoW,5
male,16-17,WoW,5
male,16-17,SWG,5
male,16-17,SWG,5
male,16-17,WoW,5
male,16-17,WoW,5
male,16-17,WoW,5
male,18-19,FFXI,5
male,18-19,WoW,5
male,18-19,WoW,5
male,18-19,WoW,5
male,18-19,WoW,5
male,18-19,WoW,5
male,18-19,WoW,5
female,18-19,EQ2,5
male,18-19,EQ,5
male,18-19,WoW,5
male,18-19,WoW,5
male,18-19,WoW,5
male,18-19,Other,5
male,20-21,WoW,5
male,20-21,WoW,5
male,20-21,WoW,5
male,20-21,WoW,5
male,20-21,EQ2,5
male,20-21,WoW,5
male,20-21,WoW,5
male,20-21,WoW,5
male,20-21,WoW,5
male,20-21,WoW,5
male,20-21,FFXI,5
male,22-23,WoW,5
male,22-23,WoW,5
male,22-23,WoW,5
male,22-23,WoW,5
male,22-23,WoW,5
male,22-23,WoW,5
male,22-23,WoW,5
male,22-23,WoW,5
male,22-23,WoW,5
male,22-23,WoW,5
female,22-23,EQ2,5
female,22-23,WoW,5
male,22-23,WoW,5
male,22-23,CoH,5
male,22-23,WoW,5
male,22-23,WoW,5
male,22-23,WoW,5
male,22-23,WoW,5
male,22-23,CoH,5
male,22-23,WoW,5
female,24-25,CoH,5
male,24-25,WoW,5
male,24-25,WoW,5
male,24-25,WoW,5
male,24-25,WoW,5
male,24-25,WoW,5
male,24-25,Other,5
male,24-25,WoW,5
male,24-25,EQ,5
female,24-25,EQ2,5
male,24-25,WoW,5
male,24-25,WoW,5
male,24-25,Other,5
male,24-25,Other,5
male,24-25,WoW,5
male,24-25,EQ2,5
male,24-25,WoW,5
male,24-25,DAOC,5
male,24-25,WoW,5
male,24-25,WoW,5
female,26-27,WoW,5
female,26-27,Other,5
female,26-27,EQ2,5
male,26-27,WoW,5
male,26-27,WoW,5
male,26-27,WoW,5
male,26-27,WoW,5
male,26-27,WoW,5
male,26-27,WoW,5
male,26-27,WoW,5
male,26-27,EQ2,5
female,26-27,WoW,5
female,26-27,Other,5
male,26-27,Other,5
male,26-27,EQ,5
male,26-27,WoW,5
male,26-27,WoW,5
male,26-27,WoW,5
male,28-29,WoW,5
male,28-29,SWG,5
male,28-29,WoW,5
male,28-29,WoW,5
male,28-29,WoW,5
male,28-29,EQ,5
male,28-29,WoW,5
male,28-29,WoW,5
male,28-29,WoW,5
female,30-31,WoW,5
female,30-31,Other,5
male,30-31,SWG,5
male,30-31,EQ,5
male,30-31,WoW,5
male,30-31,DAOC,5
male,30-31,WoW,5
female,30-31,WoW,5
male,30-31,DAOC,5
male,30-31,EQ2,5
male,30-31,UO,5
male,30-31,Other,5
male,30-31,WoW,5
female,32-33,EQ2,5
female,32-33,WoW,5
male,32-33,EQ,5
male,32-33,EQ2,5
male,32-33,WoW,5
male,32-33,WoW,5
male,32-33,WoW,5
male,32-33,WoW,5
female,32-33,EQ,5
female,32-33,WoW,5
female,32-33,WoW,5
female,32-33,WoW,5
female,32-33,WoW,5
male,32-33,EQ2,5
male,32-33,WoW,5
male,32-33,WoW,5
male,32-33,WoW,5
male,32-33,EQ2,5
male,32-33,UO,5
female,34-35,WoW,5
female,34-35,WoW,5
male,34-35,DAOC,5
male,34-35,WoW,5
male,34-35,CoH,5
female,34-35,DAOC,5
female,34-35,Other,5
male,34-35,EQ2,5
male,34-35,WoW,5
male,34-35,WoW,5
male,34-35,WoW,5
male,34-35,EQ2,5
male,34-35,DAOC,5
male,34-35,EQ2,5
male,34-35,WoW,5
male,34-35,WoW,5
male,34-35,WoW,5
male,36-37,DAOC,5
male,36-37,WoW,5
male,36-37,WoW,5
male,36-37,WoW,5
male,36-37,EQ2,5
male,36-37,WoW,5
male,36-37,EQ2,5
female,38-39,DAOC,5
female,38-39,DAOC,5
male,38-39,WoW,5
male,38-39,EQ,5
female,38-39,DAOC,5
female,38-39,CoH,5
male,38-39,WoW,5
male,38-39,WoW,5
female,40-41,WoW,5
male,40-41,EQ2,5
male,40-41,AO,5
male,40-41,WoW,5
male,40-41,WoW,5
female,40-41,SWG,5
female,42-43,WoW,5
male,42-43,DAOC,5
male,42-43,WoW,5
female,44-45,Other,5
female,46-47,DAOC,5
male,46-47,EQ,5
male,46-47,WoW,5
male,46-47,Other,5
female,48-49,WoW,5
female,48-49,EQ,5
male,48-49,EQ2,5
male,50-51,Other,5
female,50-51,EQ2,5
male,52-53,EQ2,5
female,54-55,AC1,5
female,54-55,WoW,5
male,56-57,EQ,5
male,56-57,EQ,5
male,56-57,WoW,5
female,58-59,EQ,5
female,58-59,WoW,5
male,16-17,WoW,5
male,16-17,Other,5
male,24-25,WoW,5
male,30-31,Other,5
male,32-33,Other,5
male,36-37,WoW,5
male,46-47,CoH,5
male,16-17,EQ2,5
female,28-29,WoW,5
male,36-37,WoW,5
male,14-15,WoW,6
male,16-17,WoW,6
male,16-17,EQ2,6
male,16-17,FFXI,6
male,18-19,WoW,6
male,18-19,WoW,6
male,18-19,WoW,6
male,18-19,WoW,6
male,20-21,WoW,6
male,22-23,WoW,6
male,22-23,WoW,6
male,22-23,WoW,6
male,22-23,WoW,6
male,22-23,EQ2,6
male,24-25,WoW,6
male,24-25,WoW,6
female,24-25,WoW,6
male,26-27,SWG,6
male,26-27,WoW,6
male,26-27,WoW,6
male,26-27,WoW,6
male,28-29,WoW,6
male,28-29,EQ2,6
male,28-29,DAOC,6
male,30-31,WoW,6
male,34-35,WoW,6
male,34-35,WoW,6
male,34-35,WoW,6
male,36-37,EQ,6
male,36-37,WoW,6
male,36-37,WoW,6
male,14-15,Other,6
male,18-19,WoW,6
male,22-23,Other,6
male,14-15,WoW,6
male,14-15,WoW,6
male,14-15,FFXI,6
male,14-15,WoW,6
male,16-17,WoW,6
male,16-17,EQ,6
male,16-17,EQ,6
male,16-17,EQ2,6
male,16-17,WoW,6
male,16-17,WoW,6
male,16-17,WoW,6
male,16-17,AO,6
male,18-19,WoW,6
male,18-19,WoW,6
male,18-19,WoW,6
male,18-19,WoW,6
male,18-19,WoW,6
male,18-19,Other,6
male,18-19,WoW,6
male,18-19,WoW,6
male,18-19,WoW,6
male,18-19,Other,6
male,18-19,WoW,6
male,18-19,EQ,6
male,18-19,WoW,6
female,18-19,WoW,6
female,18-19,EQ2,6
male,18-19,CoH,6
male,18-19,EQ2,6
male,18-19,WoW,6
male,18-19,EQ2,6
male,18-19,WoW,6
male,18-19,EQ,6
male,18-19,WoW,6
male,18-19,WoW,6
male,20-21,UO,6
male,20-21,EQ2,6
male,20-21,WoW,6
male,20-21,CoH,6
male,20-21,WoW,6
male,20-21,CoH,6
male,20-21,DAOC,6
male,20-21,WoW,6
male,20-21,WoW,6
male,20-21,EQ,6
male,20-21,EQ2,6
male,20-21,WoW,6
male,20-21,WoW,6
male,20-21,WoW,6
male,20-21,WoW,6
male,20-21,WoW,6
male,20-21,Other,6
male,20-21,WoW,6
male,20-21,WoW,6
male,20-21,SWG,6
male,20-21,FFXI,6
male,20-21,WoW,6
male,20-21,WoW,6
male,20-21,WoW,6
male,20-21,Other,6
male,20-21,EQ2,6
female,20-21,EQ2,6
female,20-21,WoW,6
male,20-21,WoW,6
male,20-21,Other,6
male,20-21,WoW,6
male,20-21,WoW,6
male,20-21,WoW,6
male,20-21,WoW,6
male,20-21,WoW,6
male,20-21,WoW,6
male,20-21,WoW,6
male,20-21,WoW,6
male,20-21,WoW,6
male,20-21,WoW,6
male,20-21,WoW,6
male,20-21,WoW,6
male,20-21,WoW,6
male,20-21,WoW,6
male,20-21,WoW,6
male,20-21,WoW,6
male,20-21,WoW,6
male,20-21,EQ,6
female,22-23,WoW,6
male,22-23,WoW,6
male,22-23,WoW,6
male,22-23,WoW,6
male,22-23,WoW,6
male,22-23,WoW,6
male,22-23,EQ,6
male,22-23,WoW,6
male,22-23,WoW,6
male,22-23,WoW,6
male,22-23,WoW,6
male,22-23,WoW,6
male,22-23,WoW,6
male,22-23,WoW,6
male,22-23,WoW,6
male,22-23,WoW,6
male,22-23,WoW,6
male,22-23,WoW,6
male,22-23,Other,6
male,22-23,EQ,6
male,22-23,WoW,6
male,22-23,Other,6
female,22-23,FFXI,6
female,22-23,WoW,6
female,22-23,EQ,6
male,22-23,WoW,6
male,22-23,WoW,6
male,22-23,WoW,6
male,22-23,WoW,6
male,22-23,WoW,6
male,22-23,DAOC,6
male,22-23,WoW,6
male,22-23,WoW,6
male,22-23,WoW,6
male,22-23,WoW,6
male,22-23,CoH,6
male,22-23,EQ,6
female,24-25,WoW,6
male,24-25,WoW,6
male,24-25,WoW,6
male,24-25,WoW,6
male,24-25,EQ,6
male,24-25,WoW,6
male,24-25,WoW,6
male,24-25,WoW,6
male,24-25,WoW,6
male,24-25,WoW,6
male,24-25,EQ,6
male,24-25,WoW,6
male,24-25,WoW,6
male,24-25,WoW,6
male,24-25,FFXI,6
female,24-25,WoW,6
female,24-25,WoW,6
female,24-25,EQ2,6
male,24-25,DAOC,6
male,24-25,EQ2,6
male,24-25,WoW,6
male,24-25,WoW,6
male,24-25,WoW,6
male,24-25,WoW,6
male,24-25,WoW,6
male,24-25,WoW,6
male,24-25,WoW,6
male,24-25,WoW,6
male,24-25,EQ2,6
male,24-25,FFXI,6
female,26-27,WoW,6
female,26-27,EQ2,6
female,26-27,WoW,6
male,26-27,EQ,6
male,26-27,WoW,6
male,26-27,WoW,6
male,26-27,EQ,6
male,26-27,WoW,6
male,26-27,EQ,6
male,26-27,WoW,6
male,26-27,WoW,6
male,26-27,WoW,6
male,26-27,WoW,6
male,26-27,WoW,6
male,26-27,WoW,6
male,26-27,WoW,6
male,26-27,EQ2,6
male,26-27,WoW,6
male,26-27,WoW,6
male,26-27,WoW,6
female,26-27,WoW,6
female,26-27,EQ2,6
female,26-27,WoW,6
female,26-27,Other,6
male,26-27,EQ,6
male,26-27,SWG,6
male,26-27,WoW,6
male,26-27,EQ,6
male,26-27,WoW,6
male,26-27,EQ2,6
male,26-27,WoW,6
male,26-27,WoW,6
male,26-27,DAOC,6
male,26-27,WoW,6
male,26-27,WoW,6
male,26-27,WoW,6
male,26-27,WoW,6
male,26-27,EQ2,6
male,26-27,DAOC,6
male,28-29,WoW,6
male,28-29,WoW,6
male,28-29,WoW,6
male,28-29,EQ2,6
male,28-29,WoW,6
male,28-29,WoW,6
male,28-29,EQ2,6
male,28-29,EQ,6
male,28-29,WoW,6
male,28-29,DAOC,6
male,28-29,WoW,6
female,28-29,EQ2,6
female,28-29,WoW,6
female,28-29,WoW,6
male,28-29,EQ2,6
male,28-29,WoW,6
male,28-29,WoW,6
male,28-29,WoW,6
male,28-29,WoW,6
male,28-29,WoW,6
male,28-29,WoW,6
male,28-29,CoH,6
male,28-29,Other,6
female,30-31,WoW,6
female,30-31,WoW,6
male,30-31,FFXI,6
male,30-31,EQ2,6
male,30-31,WoW,6
male,30-31,EQ2,6
male,30-31,WoW,6
male,30-31,WoW,6
male,30-31,WoW,6
male,30-31,WoW,6
male,30-31,WoW,6
male,30-31,WoW,6
male,30-31,WoW,6
male,30-31,EQ2,6
male,30-31,EQ,6
male,30-31,EQ2,6
male,30-31,SWG,6
male,30-31,WoW,6
male,30-31,WoW,6
male,30-31,WoW,6
male,30-31,WoW,6
male,30-31,WoW,6
female,30-31,WoW,6
male,30-31,WoW,6
male,30-31,DAOC,6
male,30-31,Other,6
male,30-31,WoW,6
male,30-31,WoW,6
male,30-31,CoH,6
male,30-31,SWG,6
male,30-31,WoW,6
male,30-31,Other,6
female,32-33,WoW,6
male,32-33,EQ2,6
male,32-33,EQ2,6
male,32-33,WoW,6
male,32-33,WoW,6
male,32-33,DAOC,6
male,32-33,WoW,6
male,32-33,WoW,6
male,32-33,WoW,6
male,32-33,WoW,6
male,32-33,WoW,6
male,32-33,WoW,6
male,32-33,WoW,6
male,32-33,EQ,6
male,32-33,WoW,6
male,32-33,WoW,6
male,32-33,SWG,6
female,32-33,EQ2,6
female,32-33,EQ2,6
female,32-33,WoW,6
female,32-33,EQ2,6
male,32-33,WoW,6
male,32-33,WoW,6
male,32-33,UO,6
male,32-33,EQ2,6
male,32-33,WoW,6
male,32-33,WoW,6
male,32-33,EQ,6
male,32-33,WoW,6
male,32-33,WoW,6
male,32-33,WoW,6
female,34-35,EQ,6
female,34-35,EQ2,6
male,34-35,EQ2,6
male,34-35,EQ,6
male,34-35,WoW,6
male,34-35,EQ,6
male,34-35,UO,6
male,34-35,CoH,6
male,34-35,CoH,6
female,34-35,EQ2,6
female,34-35,WoW,6
female,34-35,EQ,6
male,34-35,WoW,6
male,34-35,WoW,6
male,34-35,WoW,6
male,34-35,DAOC,6
male,34-35,WoW,6
male,34-35,WoW,6
male,34-35,EQ2,6
female,36-37,SWG,6
female,36-37,EQ,6
male,36-37,EQ2,6
male,36-37,WoW,6
male,36-37,WoW,6
male,36-37,EQ,6
male,36-37,UO,6
male,36-37,WoW,6
male,36-37,WoW,6
male,36-37,WoW,6
female,36-37,EQ,6
male,36-37,EQ2,6
male,36-37,WoW,6
male,36-37,WoW,6
male,36-37,WoW,6
male,36-37,WoW,6
male,36-37,WoW,6
female,38-39,WoW,6
female,38-39,UO,6
male,38-39,WoW,6
male,38-39,WoW,6
male,38-39,WoW,6
male,38-39,WoW,6
male,38-39,WoW,6
male,38-39,EQ,6
male,38-39,EQ,6
male,38-39,DAOC,6
male,38-39,WoW,6
male,38-39,WoW,6
male,38-39,WoW,6
male,40-41,Other,6
male,40-41,WoW,6
male,40-41,WoW,6
female,40-41,EQ,6
male,40-41,EQ,6
male,40-41,WoW,6
male,40-41,AO,6
male,40-41,WoW,6
female,42-43,WoW,6
male,42-43,EQ,6
female,42-43,Other,6
male,42-43,WoW,6
male,42-43,WoW,6
female,44-45,WoW,6
male,44-45,EQ2,6
male,44-45,WoW,6
female,46-47,CoH,6
female,46-47,EQ2,6
female,48-49,EQ2,6
male,48-49,EQ2,6
male,48-49,WoW,6
female,48-49,EQ,6
female,50-51,EQ2,6
male,50-51,WoW,6
female,52-53,WoW,6
male,54-55,WoW,6
female,56-57,Other,6
male,60-,SWG,6
male,32-33,WoW,6
male,12-13,EQ2,6
male,16-17,WoW,6
male,22-23,DAOC,6
male,24-25,FFXI,6
female,24-25,WoW,6
male,28-29,WoW,6
female,30-31,WoW,6
male,36-37,WoW,6
female,50-51,WoW,6
male,32-33,EQ,7
male,38-39,WoW,7
male,18-19,WoW,7
male,14-15,WoW,7
male,14-15,WoW,7
male,16-17,Other,7
male,16-17,EQ,7
male,16-17,DAOC,7
male,16-17,WoW,7
male,16-17,EQ,7
male,18-19,EQ2,7
male,18-19,WoW,7
male,18-19,WoW,7
male,18-19,EQ2,7
male,18-19,WoW,7
male,18-19,WoW,7
male,18-19,WoW,7
male,18-19,WoW,7
female,20-21,Other,7
male,20-21,Other,7
male,20-21,EQ2,7
male,20-21,DAOC,7
male,20-21,WoW,7
male,20-21,WoW,7
male,20-21,WoW,7
male,20-21,Other,7
male,20-21,WoW,7
female,20-21,WoW,7
male,20-21,WoW,7
male,20-21,WoW,7
male,20-21,WoW,7
male,20-21,WoW,7
male,20-21,WoW,7
male,20-21,WoW,7
male,20-21,EQ2,7
male,20-21,WoW,7
male,20-21,WoW,7
male,20-21,WoW,7
male,20-21,WoW,7
male,22-23,WoW,7
male,22-23,WoW,7
male,22-23,Other,7
male,22-23,WoW,7
male,22-23,WoW,7
male,22-23,WoW,7
male,22-23,WoW,7
male,22-23,DAOC,7
male,22-23,FFXI,7
male,22-23,EQ2,7
male,22-23,WoW,7
male,22-23,WoW,7
male,22-23,WoW,7
male,22-23,WoW,7
male,22-23,WoW,7
male,22-23,WoW,7
female,24-25,WoW,7
male,24-25,WoW,7
male,24-25,SWG,7
male,24-25,WoW,7
male,24-25,WoW,7
male,24-25,WoW,7
male,24-25,SWG,7
male,24-25,FFXI,7
female,26-27,WoW,7
female,26-27,WoW,7
male,26-27,WoW,7
male,26-27,WoW,7
male,26-27,WoW,7
male,26-27,WoW,7
male,26-27,WoW,7
male,26-27,WoW,7
male,26-27,WoW,7
male,26-27,CoH,7
male,26-27,WoW,7
male,26-27,WoW,7
male,28-29,WoW,7
male,28-29,WoW,7
male,28-29,EQ,7
male,28-29,EQ,7
male,28-29,WoW,7
male,28-29,WoW,7
male,28-29,WoW,7
male,28-29,WoW,7
male,30-31,WoW,7
female,30-31,EQ,7
male,30-31,WoW,7
male,30-31,WoW,7
female,32-33,WoW,7
male,32-33,WoW,7
male,32-33,WoW,7
male,32-33,WoW,7
male,32-33,EQ,7
male,34-35,WoW,7
male,34-35,WoW,7
male,34-35,SWG,7
male,34-35,WoW,7
male,34-35,WoW,7
male,34-35,WoW,7
male,34-35,WoW,7
male,36-37,EQ2,7
male,36-37,WoW,7
male,36-37,WoW,7
female,36-37,WoW,7
female,38-39,UO,7
female,38-39,WoW,7
male,42-43,WoW,7
male,44-45,WoW,7
male,46-47,EQ,7
female,50-51,WoW,7
male,54-55,WoW,7
male,14-15,UO,7
male,16-17,WoW,7
male,18-19,Other,7
male,18-19,WoW,7
male,20-21,EQ2,7
male,22-23,WoW,7
male,24-25,WoW,7
male,26-27,WoW,7
male,26-27,CoH,7
male,32-33,EQ2,7
male,32-33,AO,7
male,34-35,AO,7
female,46-47,EQ2,7
male,14-15,WoW,7
male,20-21,EQ2,7
female,46-47,Other,7
male,48-49,Other,7
male,18-19,WoW,8
male,38-39,EQ2,8
male,14-15,Other,8
male,14-15,WoW,8
female,14-15,DAOC,8
male,14-15,AO,8
male,14-15,WoW,8
female,16-17,SWG,8
male,16-17,WoW,8
male,16-17,WoW,8
female,18-19,WoW,8
male,18-19,FFXI,8
male,18-19,Other,8
male,18-19,WoW,8
male,18-19,EQ2,8
male,18-19,WoW,8
male,18-19,WoW,8
male,18-19,WoW,8
male,18-19,WoW,8
male,18-19,DAOC,8
male,18-19,WoW,8
male,18-19,WoW,8
male,18-19,WoW,8
male,18-19,WoW,8
male,18-19,WoW,8
male,18-19,DAOC,8
male,18-19,WoW,8
male,18-19,DAOC,8
male,18-19,Other,8
male,18-19,WoW,8
male,18-19,EQ,8
male,20-21,WoW,8
male,20-21,WoW,8
male,20-21,SWG,8
male,20-21,WoW,8
male,20-21,WoW,8
male,20-21,WoW,8
male,20-21,WoW,8
male,20-21,WoW,8
male,20-21,WoW,8
male,20-21,WoW,8
male,20-21,WoW,8
female,20-21,WoW,8
male,20-21,WoW,8
male,20-21,Other,8
male,20-21,WoW,8
male,20-21,WoW,8
male,20-21,WoW,8
male,20-21,WoW,8
male,20-21,WoW,8
male,20-21,WoW,8
male,20-21,WoW,8
male,20-21,WoW,8
male,20-21,WoW,8
female,22-23,WoW,8
male,22-23,EQ2,8
male,22-23,UO,8
male,22-23,WoW,8
male,22-23,WoW,8
male,22-23,WoW,8
male,22-23,WoW,8
male,22-23,WoW,8
male,22-23,WoW,8
male,22-23,WoW,8
male,22-23,WoW,8
male,22-23,WoW,8
male,22-23,WoW,8
male,22-23,WoW,8
male,22-23,WoW,8
male,22-23,WoW,8
male,22-23,WoW,8
female,22-23,WoW,8
female,22-23,UO,8
female,22-23,EQ,8
male,22-23,EQ2,8
male,22-23,WoW,8
male,22-23,WoW,8
male,22-23,WoW,8
male,22-23,WoW,8
male,22-23,WoW,8
male,22-23,AO,8
female,24-25,WoW,8
female,24-25,EQ,8
male,24-25,WoW,8
male,24-25,EQ,8
male,24-25,WoW,8
male,24-25,EQ2,8
male,24-25,WoW,8
male,24-25,WoW,8
male,24-25,WoW,8
male,24-25,WoW,8
male,24-25,WoW,8
female,24-25,WoW,8
female,24-25,EQ,8
male,24-25,WoW,8
male,24-25,WoW,8
male,24-25,FFXI,8
male,24-25,WoW,8
male,24-25,WoW,8
male,24-25,WoW,8
male,24-25,WoW,8
male,24-25,WoW,8
male,24-25,WoW,8
male,24-25,FFXI,8
male,24-25,WoW,8
female,26-27,EQ2,8
female,26-27,WoW,8
male,26-27,UO,8
male,26-27,EQ2,8
male,26-27,WoW,8
male,26-27,WoW,8
male,26-27,WoW,8
male,26-27,EQ2,8
male,26-27,WoW,8
male,26-27,WoW,8
male,26-27,EQ2,8
male,26-27,WoW,8
male,26-27,WoW,8
male,26-27,WoW,8
male,26-27,SWG,8
male,26-27,EQ,8
male,26-27,WoW,8
female,28-29,WoW,8
female,28-29,WoW,8
female,28-29,EQ,8
male,28-29,WoW,8
male,28-29,WoW,8
male,28-29,EQ,8
male,28-29,WoW,8
male,28-29,WoW,8
male,28-29,WoW,8
male,28-29,EQ2,8
male,28-29,EQ2,8
male,28-29,WoW,8
female,28-29,WoW,8
male,28-29,Other,8
male,28-29,WoW,8
male,28-29,Other,8
male,28-29,UO,8
male,28-29,WoW,8
female,30-31,EQ2,8
male,30-31,Other,8
male,30-31,WoW,8
male,30-31,WoW,8
male,30-31,EQ2,8
male,30-31,AO,8
male,30-31,WoW,8
female,30-31,WoW,8
female,30-31,WoW,8
male,30-31,WoW,8
male,30-31,EQ2,8
male,30-31,DAOC,8
male,30-31,WoW,8
male,32-33,WoW,8
male,32-33,WoW,8
male,32-33,WoW,8
female,32-33,EQ2,8
male,32-33,EQ2,8
male,32-33,EQ2,8
male,32-33,EQ,8
male,32-33,Other,8
male,32-33,EQ2,8
male,32-33,WoW,8
male,32-33,EQ,8
male,32-33,EQ,8
male,34-35,WoW,8
male,34-35,EQ2,8
male,34-35,WoW,8
male,34-35,WoW,8
male,34-35,UO,8
female,34-35,CoH,8
male,34-35,WoW,8
female,36-37,WoW,8
female,36-37,EQ,8
female,36-37,EQ2,8
male,36-37,EQ2,8
male,36-37,WoW,8
male,36-37,WoW,8
male,36-37,WoW,8
male,36-37,WoW,8
male,36-37,WoW,8
female,36-37,UO,8
male,36-37,WoW,8
male,36-37,WoW,8
male,36-37,WoW,8
male,36-37,WoW,8
male,36-37,EQ,8
female,38-39,CoH,8
female,38-39,EQ,8
male,38-39,Other,8
male,38-39,SWG,8
male,38-39,WoW,8
male,38-39,WoW,8
female,40-41,EQ2,8
male,40-41,SWG,8
male,40-41,EQ,8
male,40-41,EQ,8
female,40-41,WoW,8
female,44-45,EQ,8
male,44-45,EQ2,8
male,44-45,WoW,8
male,44-45,AO,8
female,50-51,EQ2,8
female,50-51,EQ,8
male,54-55,WoW,8
male,56-57,WoW,8
male,18-19,WoW,8
male,20-21,WoW,8
male,22-23,WoW,8
female,22-23,EQ2,8
male,22-23,SWG,8
male,22-23,WoW,8
male,24-25,EQ2,8
female,28-29,EQ2,8
male,28-29,WoW,8
male,30-31,WoW,8
male,30-31,WoW,8
male,36-37,WoW,8
male,44-45,CoH,9
male,16-17,WoW,9
male,16-17,FFXI,9
male,16-17,WoW,9
male,16-17,FFXI,9
male,18-19,WoW,9
male,18-19,EQ,9
male,18-19,FFXI,9
female,18-19,AO,9
female,18-19,WoW,9
male,20-21,WoW,9
female,22-23,WoW,9
male,22-23,WoW,9
male,22-23,WoW,9
male,24-25,WoW,9
male,24-25,WoW,9
male,26-27,WoW,9
male,26-27,WoW,9
male,26-27,EQ2,9
male,28-29,CoH,9
male,28-29,WoW,9
female,30-31,EQ,9
male,30-31,SWG,9
male,30-31,WoW,9
male,32-33,WoW,9
male,32-33,SWG,9
male,40-41,WoW,9
male,46-47,WoW,9
male,56-57,Other,9
male,32-33,WoW,9
male,16-17,WoW,10
male,18-19,WoW,10
male,20-21,WoW,10
male,20-21,WoW,10
male,20-21,Other,10
male,18-19,WoW,10
female,20-21,Other,10
male,14-15,WoW,10
male,14-15,WoW,10
male,16-17,WoW,10
male,16-17,WoW,10
male,16-17,WoW,10
male,16-17,EQ2,10
male,16-17,WoW,10
male,16-17,WoW,10
male,16-17,WoW,10
female,18-19,EQ2,10
male,18-19,WoW,10
male,18-19,FFXI,10
male,18-19,WoW,10
male,18-19,WoW,10
male,18-19,WoW,10
male,18-19,WoW,10
male,18-19,EQ2,10
male,18-19,FFXI,10
male,18-19,SWG,10
male,18-19,WoW,10
male,18-19,WoW,10
male,18-19,WoW,10
male,20-21,WoW,10
male,20-21,WoW,10
male,20-21,WoW,10
male,20-21,WoW,10
male,20-21,WoW,10
female,20-21,WoW,10
male,20-21,WoW,10
male,20-21,WoW,10
male,20-21,EQ2,10
male,20-21,WoW,10
male,20-21,Other,10
male,20-21,WoW,10
male,20-21,WoW,10
male,20-21,WoW,10
male,20-21,WoW,10
female,22-23,WoW,10
male,22-23,WoW,10
male,22-23,WoW,10
male,22-23,WoW,10
male,22-23,WoW,10
male,22-23,WoW,10
male,22-23,WoW,10
male,22-23,WoW,10
male,22-23,WoW,10
male,22-23,EQ2,10
male,22-23,WoW,10
male,22-23,WoW,10
female,24-25,Other,10
female,24-25,Other,10
male,24-25,WoW,10
male,24-25,WoW,10
female,24-25,EQ2,10
male,24-25,WoW,10
male,24-25,SWG,10
male,24-25,WoW,10
male,26-27,WoW,10
male,26-27,WoW,10
male,26-27,WoW,10
male,26-27,WoW,10
male,26-27,EQ2,10
male,26-27,WoW,10
male,28-29,WoW,10
male,28-29,WoW,10
male,28-29,EQ,10
male,28-29,WoW,10
male,28-29,WoW,10
male,28-29,WoW,10
male,30-31,WoW,10
male,30-31,WoW,10
male,30-31,WoW,10
male,30-31,WoW,10
male,30-31,UO,10
male,30-31,WoW,10
male,30-31,WoW,10
male,32-33,WoW,10
male,32-33,WoW,10
male,34-35,WoW,10
female,34-35,WoW,10
male,36-37,WoW,10
male,36-37,WoW,10
female,36-37,WoW,10
male,38-39,SWG,10
female,42-43,EQ,10
male,42-43,WoW,10
female,44-45,WoW,10
male,44-45,EQ2,10
male,48-49,EQ,10
female,50-51,EQ2,10
female,50-51,EQ2,10
male,54-55,WoW,10
male,58-59,UO,10
male,58-59,WoW,10
female,60-,EQ,10
male,22-23,WoW,11
male,32-33,SWG,11
female,52-53,WoW,11
male,14-15,WoW,11
male,18-19,WoW,11
male,18-19,UO,11
male,22-23,WoW,11
female,26-27,WoW,11
male,32-33,WoW,11
male,36-37,EQ2,11
male,44-45,EQ2,11
male,14-15,FFXI,11
male,18-19,WoW,11
male,18-19,WoW,11
male,18-19,WoW,11
male,20-21,EQ2,11
male,20-21,WoW,11
male,20-21,WoW,11
male,20-21,WoW,11
male,20-21,Other,11
male,22-23,WoW,11
male,22-23,AO,11
female,28-29,Other,11
male,14-15,Other,12
male,16-17,WoW,12
male,16-17,WoW,12
male,18-19,WoW,12
male,18-19,WoW,12
male,18-19,WoW,12
male,18-19,EQ2,12
male,18-19,EQ2,12
male,18-19,WoW,12
male,20-21,WoW,12
male,20-21,WoW,12
male,20-21,WoW,12
male,20-21,WoW,12
male,20-21,WoW,12
male,20-21,WoW,12
male,20-21,WoW,12
male,20-21,EQ,12
male,22-23,Other,12
male,22-23,WoW,12
male,22-23,WoW,12
male,22-23,WoW,12
male,24-25,Other,12
male,24-25,WoW,12
male,24-25,WoW,12
male,26-27,Other,12
male,26-27,EQ,12
male,26-27,WoW,12
male,26-27,WoW,12
male,26-27,WoW,12
male,26-27,Other,12
male,26-27,WoW,12
female,28-29,WoW,12
male,30-31,WoW,12
male,30-31,WoW,12
female,32-33,WoW,12
male,32-33,WoW,12
female,34-35,DAOC,12
male,34-35,WoW,12
male,36-37,EQ2,12
female,40-41,WoW,12
male,46-47,WoW,12
female,52-53,WoW,12
male,52-53,EQ2,12
female,56-57,EQ2,12
female,60-,EQ,12
male,20-21,WoW,13
male,20-21,WoW,13
male,20-21,EQ,13
male,20-21,WoW,13
male,22-23,WoW,13
male,22-23,WoW,13
male,26-27,WoW,13
male,16-17,SWG,14
male,16-17,WoW,14
male,18-19,WoW,14
male,18-19,WoW,14
male,18-19,WoW,14
male,18-19,WoW,14
male,18-19,Other,14
male,20-21,WoW,14
male,20-21,WoW,14
male,20-21,EQ,14
male,22-23,WoW,14
male,22-23,WoW,14
male,22-23,WoW,14
male,26-27,WoW,14
female,28-29,EQ,14
male,32-33,WoW,14
female,34-35,AO,14
female,42-43,EQ2,14
male,20-21,WoW,14
female,22-23,WoW,14
male,22-23,WoW,14
female,28-29,WoW,14
male,22-23,WoW,15
male,20-21,WoW,15
male,22-23,Other,15
male,18-19,Other,16
male,18-19,WoW,16
male,20-21,WoW,16
male,20-21,WoW,16
male,22-23,DAOC,16
male,22-23,WoW,16
female,28-29,WoW,16
male,32-33,EQ,16
female,32-33,WoW,16
female,16-17,WoW,17
male,28-29,WoW,17
male,20-21,WoW,17
male,20-21,WoW,17
male,22-23,UO,17
female,26-27,Other,17
male,18-19,WoW,18
male,40-41,EQ,18
male,40-41,EQ,18
male,22-23,WoW,17
male,26-27,WoW,17
male,22-23,WoW,18
male,24-25,WoW,18
